source_repo_commit,stream_id,stream_date,stream_timestamp,chart_timestamp_if_known,instrument,decision_event_id,actor_scope,evidence_confidence,session,session_phase,news_state,special_context,daily_bias,h4_bias,h1_bias,bias_alignment,htf_close_pending,htf_close_effect,location_present,location_types,location_position,interaction_type,retail_liquidity_taken,smart_money_poi_present,confirmation_type,confirmation_tf,confirmation_quality,close_based,second_confirmation,late_or_chasing,logical_stop_present,stop_basis,stop_size_comment,barrier_before_target,execution_style,risk_class,risk_modifiers,pre_entry_decision,decision_reason,source_reason_paraphrase
d19a43da80ae0e3ab4207a73a35f317120d37c84,EOBnMz2Y_9k,2026-09-30,20:16,UNKNOWN,XAUUSD,EOBnMz2Y_9k-PE-001,BADAR,medium,NY,UNKNOWN,UNKNOWN,MONTH_END,UNKNOWN,UNKNOWN,BULL,COUNTERTREND,NONE,NOT_YET,YES,RANGE_LOW|DEMAND,BOTTOM,REJECTION,UNCLEAR,UNCLEAR,NONE,UNKNOWN,NOT_YET,UNCLEAR,NO,NO,UNCLEAR,UNKNOWN,,UNCLEAR,NONE,SKIP,,NO_TRADE,NO_TRADE_WRONG_EXTREME,"After a fast drop with heavy retail selling, Badar says not to sell at this point because buying has absorbed the selling."
d19a43da80ae0e3ab4207a73a35f317120d37c84,EOBnMz2Y_9k,2026-09-30,24:30,UNKNOWN,XAUUSD,EOBnMz2Y_9k-PE-002,BADAR,medium,NY,UNKNOWN,UNKNOWN,MONTH_END,UNKNOWN,UNKNOWN,UNKNOWN,UNKNOWN,NONE,NOT_YET,APPROACHING,SWING_HIGH,TOP,NONE,UNCLEAR,UNCLEAR,NONE,UNKNOWN,NOT_YET,UNCLEAR,NO,NO,UNCLEAR,UNKNOWN,,UNCLEAR,NONE,UNKNOWN,,WAIT,WAIT_SWEEP,He wants price to sweep the higher area around 4196 before considering the sell.
d19a43da80ae0e3ab4207a73a35f317120d37c84,EOBnMz2Y_9k,2026-09-30,29:48-32:00,UNKNOWN,XAUUSD,EOBnMz2Y_9k-PE-003,BADAR,medium,NY,UNKNOWN,UNKNOWN,MONTH_END,UNKNOWN,UNKNOWN,BULL,UNKNOWN,NONE,NOT_YET,APPROACHING,FVG|OB,PREMIUM,RETRACE_TO_POI,UNCLEAR,UNCLEAR,NONE,UNKNOWN,NOT_YET,UNCLEAR,NO,NO,UNCLEAR,UNKNOWN,,UNCLEAR,NONE,UNKNOWN,,WAIT,WAIT_RETRACE,He prefers a retracement into the 4185-4190 gap/area and a lower-timeframe setup instead of selling immediately.
d19a43da80ae0e3ab4207a73a35f317120d37c84,EOBnMz2Y_9k,2026-09-30,30:58,UNKNOWN,XAUUSD,EOBnMz2Y_9k-PE-004,BADAR,medium,NY,UNKNOWN,UNKNOWN,MONTH_END,UNKNOWN,UNKNOWN,UNKNOWN,UNKNOWN,NONE,NOT_YET,YES,RANGE_LOW|DEMAND,BOTTOM,NONE,UNCLEAR,UNCLEAR,NONE,UNKNOWN,NOT_YET,UNCLEAR,NO,NO,UNCLEAR,UNKNOWN,,UNCLEAR,NONE,SKIP,,NO_TRADE,NO_TRADE_CROWDING_AT_EXTREME,He rejects buying the low because he believes retail buyers are already concentrated there.
d19a43da80ae0e3ab4207a73a35f317120d37c84,EOBnMz2Y_9k,2026-09-30,43:36-45:36,UNKNOWN,XAUUSD,EOBnMz2Y_9k-PE-005,BADAR,low,NY,UNKNOWN,UNKNOWN,MONTH_END,UNKNOWN,UNKNOWN,UNKNOWN,UNKNOWN,NONE,NOT_YET,YES,H1_SWING|FVG,UNKNOWN,RETRACE_TO_POI,UNCLEAR,UNCLEAR,NONE,UNKNOWN,NOT_YET,UNCLEAR,NO,NO,YES,OUTER_SWING,,UNCLEAR,NONE,REDUCED,LARGE_STOP,WAIT,WAIT_CONFIRMATION,"An H1 swing sell plan is drawn, but he treats it cautiously and does not confirm execution."
d19a43da80ae0e3ab4207a73a35f317120d37c84,EOBnMz2Y_9k,2026-09-30,50:03-51:06,UNKNOWN,XAUUSD,EOBnMz2Y_9k-PE-006,BADAR,medium,NY,UNKNOWN,UNKNOWN,MONTH_END,UNKNOWN,UNKNOWN,BEAR,ALIGNED,NONE,FLIPS_BIAS,YES,H1_FVG|M15_OB,PREMIUM,RETRACE_TO_POI,UNCLEAR,UNCLEAR,INVERSE_CLOSE,H1/M15,ADEQUATE,YES,NO,NO,YES,ZONE,He says the stop is somewhat large but RR is acceptable.,UNCLEAR,MARKET_CLOSE,NORMAL,,TRADE_SHORT,TRADE_HTF_CLOSE_RETRACE,"After the H1 close shifts the bias down, he sells the retracement into the H1 gap/M15 hidden order block."
d19a43da80ae0e3ab4207a73a35f317120d37c84,EOBnMz2Y_9k,2026-09-30,52:08,UNKNOWN,XAUUSD,EOBnMz2Y_9k-PE-007,BADAR,medium,NY,UNKNOWN,UNKNOWN,MONTH_END,UNKNOWN,UNKNOWN,BEAR,ALIGNED,M1,NOT_YET,YES,M15_OB,UNKNOWN,TRAP,UNCLEAR,UNCLEAR,INVERSE_CLOSE,M1,NOT_YET,UNCLEAR,NO,NO,UNCLEAR,UNKNOWN,,UNCLEAR,NONE,UNKNOWN,,WAIT,WAIT_CONFIRMATION_CLOSE,He identifies the bullish M1 candle as potentially fake and waits for an M1 sell close before adding.
d19a43da80ae0e3ab4207a73a35f317120d37c84,EOBnMz2Y_9k,2026-09-30,53:12,UNKNOWN,XAUUSD,EOBnMz2Y_9k-PE-008,BADAR,medium,NY,UNKNOWN,UNKNOWN,MONTH_END,UNKNOWN,UNKNOWN,BEAR,ALIGNED,NONE,NOT_YET,YES,M15_OB,UNKNOWN,TRAP,UNCLEAR,UNCLEAR,INVERSE_CLOSE,M1,STRONG,YES,YES,NO,YES,CONFIRMATION_CANDLE,Second entry uses a smaller/tighter stop.,UNCLEAR,SPLIT_ENTRY,REDUCED,SECOND_ENTRY,TRADE_SHORT,TRADE_SECOND_CONFIRMATION,"After the M1 sell close confirms the fake bullish candle, he adds a smaller second short with a tighter stop."
d19a43da80ae0e3ab4207a73a35f317120d37c84,EOBnMz2Y_9k,2026-09-30,59:28-61:32,UNKNOWN,XAUUSD,EOBnMz2Y_9k-PE-009,BADAR,medium,NY,UNKNOWN,UNKNOWN,MONTH_END,UNKNOWN,UNKNOWN,BEAR,COUNTERTREND,NONE,NOT_YET,YES,M15_OB,UNKNOWN,NONE,UNCLEAR,UNCLEAR,CLOSE_BACK_INSIDE,M15,FAILED,YES,NO,NO,UNCLEAR,UNKNOWN,,UNCLEAR,NONE,SKIP,,NO_TRADE,NO_TRADE_HTF_CLOSE_CONFLICT,He evaluates a possible M15 hidden-OB buy but keeps the sell premise because the larger closing structure does not support the buy.
d19a43da80ae0e3ab4207a73a35f317120d37c84,CPGcMydNbbQ,2026-09-29,4:19,UNKNOWN,XAUUSD,CPGcMydNbbQ-PE-001,BADAR,medium,NY,UNKNOWN,UNKNOWN,LOW_VOLUME,UNKNOWN,UNKNOWN,UNKNOWN,UNKNOWN,M1,NOT_YET,YES,SWING_HIGH|SESSION_HIGH,TOP,SWEEP,UNCLEAR,UNCLEAR,INVERSE_CLOSE,M1,NOT_YET,UNCLEAR,NO,NO,UNCLEAR,UNKNOWN,,UNCLEAR,NONE,UNKNOWN,,WAIT,WAIT_CONFIRMATION_CLOSE,"A large M1 candle appears after the M5 close, so he waits for the next M1 close instead of selling immediately."
d19a43da80ae0e3ab4207a73a35f317120d37c84,CPGcMydNbbQ,2026-09-29,5:22,UNKNOWN,XAUUSD,CPGcMydNbbQ-PE-002,BADAR,medium,NY,UNKNOWN,UNKNOWN,LOW_VOLUME,UNKNOWN,UNKNOWN,UNKNOWN,UNKNOWN,NONE,NOT_YET,YES,SWING_HIGH|SESSION_HIGH,TOP,SWEEP,YES,UNCLEAR,INVERSE_CLOSE,M1/M5,ADEQUATE,YES,NO,NO,YES,OUTER_SWING,,UNCLEAR,MARKET_CLOSE,NORMAL,,TRADE_SHORT,TRADE_SWEEP_CLOSE_CONFIRM,"After the highs are swept and the follow-up close returns, he sells with the stop above the outer high."
d19a43da80ae0e3ab4207a73a35f317120d37c84,CPGcMydNbbQ,2026-09-29,20:20,UNKNOWN,XAUUSD,CPGcMydNbbQ-PE-003,BADAR,medium,NY,UNKNOWN,UNKNOWN,MANIPULATED,UNKNOWN,UNKNOWN,UNKNOWN,UNKNOWN,NONE,NOT_YET,YES,SWING_HIGH,TOP,NONE,UNCLEAR,UNCLEAR,NONE,UNKNOWN,NOT_YET,UNCLEAR,NO,NO,UNCLEAR,UNKNOWN,,UNCLEAR,NONE,UNKNOWN,,WAIT,WAIT_NEW_CONFIRMATION,"After the first trade is protected, he says the market is too manipulated and waits for a new M1 close."
d19a43da80ae0e3ab4207a73a35f317120d37c84,CPGcMydNbbQ,2026-09-29,21:23-24:00,UNKNOWN,XAUUSD,CPGcMydNbbQ-PE-004,BADAR,medium,NY,UNKNOWN,UNKNOWN,MANIPULATED,UNKNOWN,UNKNOWN,UNKNOWN,UNKNOWN,NONE,NOT_YET,YES,SWING_HIGH|OB,TOP,CONTINUATION_RETEST,UNCLEAR,UNCLEAR,OB_RETRACE,M1,ADEQUATE,UNCLEAR,NO,NO,YES,OUTER_SWING,,UNCLEAR,MARKET_CLOSE,NORMAL,,TRADE_SHORT,TRADE_RECREATED_STRUCTURE,He re-enters short because the structure/setup is recreated at the same high with an order block.
d19a43da80ae0e3ab4207a73a35f317120d37c84,CPGcMydNbbQ,2026-09-29,22:58,UNKNOWN,XAUUSD,CPGcMydNbbQ-PE-005,BADAR,medium,NY,UNKNOWN,UNKNOWN,NONE,UNKNOWN,UNKNOWN,UNKNOWN,UNKNOWN,NONE,NOT_YET,YES,OB,UNKNOWN,RETRACE_TO_POI,UNCLEAR,UNCLEAR,NONE,UNKNOWN,NOT_YET,UNCLEAR,NO,YES,UNCLEAR,UNKNOWN,,UNCLEAR,NONE,SKIP,,NO_TRADE,NO_TRADE_CHASE,A retest occurs without giving the intended entry; he accepts the miss and does not chase.
d19a43da80ae0e3ab4207a73a35f317120d37c84,CPGcMydNbbQ,2026-09-29,27:42,UNKNOWN,XAUUSD,CPGcMydNbbQ-PE-006,BADAR,medium,NY,UNKNOWN,UNKNOWN,NONE,UNKNOWN,UNKNOWN,UNKNOWN,UNKNOWN,NONE,NOT_YET,YES,SWING_HIGH|OB,TOP,SWEEP,YES,UNCLEAR,NONE,UNKNOWN,ADEQUATE,UNCLEAR,NO,NO,YES,ZONE,He accepts a somewhat larger stop above the order-block area.,UNCLEAR,MARKET_CLOSE,NORMAL,,TRADE_SHORT,TRADE_HIGH_SWEEP_ZONE,"He sells again after a new high sweep, accepting a larger structural stop because the location is a larger zone."
d19a43da80ae0e3ab4207a73a35f317120d37c84,CPGcMydNbbQ,2026-09-29,37:24-41:34,UNKNOWN,XAUUSD,CPGcMydNbbQ-PE-007,BADAR,medium,NY,UNKNOWN,UNKNOWN,NONE,UNKNOWN,UNKNOWN,UNKNOWN,UNKNOWN,NONE,NOT_YET,APPROACHING,SWING_HIGH,TOP,NONE,UNCLEAR,UNCLEAR,NONE,UNKNOWN,NOT_YET,UNCLEAR,NO,NO,UNCLEAR,UNKNOWN,,UNCLEAR,NONE,UNKNOWN,,WAIT,WAIT_SWEEP,He wants another higher-high sweep before taking another sell.
d19a43da80ae0e3ab4207a73a35f317120d37c84,CPGcMydNbbQ,2026-09-29,42:50-45:08,UNKNOWN,XAUUSD,CPGcMydNbbQ-PE-008,BADAR,medium,NY,UNKNOWN,UNKNOWN,NONE,BULL,UNKNOWN,UNKNOWN,UNKNOWN,NONE,NOT_YET,YES,RANGE_HIGH|SWING_HIGH,TOP,NONE,UNCLEAR,UNCLEAR,NONE,UNKNOWN,NOT_YET,UNCLEAR,NO,NO,UNCLEAR,UNKNOWN,,UNCLEAR,NONE,SKIP,,NO_TRADE,NO_TRADE_WRONG_EXTREME,Even with bullish daily context he refuses to buy at the top because the location is wrong and lower liquidity is not established.
d19a43da80ae0e3ab4207a73a35f317120d37c84,CPGcMydNbbQ,2026-09-29,45:08,UNKNOWN,XAUUSD,CPGcMydNbbQ-PE-009,BADAR,medium,NY,UNKNOWN,UNKNOWN,NONE,UNKNOWN,UNKNOWN,UNKNOWN,UNKNOWN,NONE,NOT_YET,YES,RANGE_HIGH,TOP,SWEEP,YES,UNCLEAR,REJECTION,M1,ADEQUATE,UNCLEAR,NO,NO,YES,OUTER_SWING,,UNCLEAR,MARKET_CLOSE,NORMAL,,TRADE_SHORT,TRADE_RANGE_HIGH_SWEEP,Repeated high sweeps with weak buying at the range top lead him to sell from the base of the rejection.
d19a43da80ae0e3ab4207a73a35f317120d37c84,CPGcMydNbbQ,2026-09-29,50:07,UNKNOWN,XAUUSD,CPGcMydNbbQ-PE-010,BADAR,medium,NY,UNKNOWN,UNKNOWN,NONE,UNKNOWN,UNKNOWN,UNKNOWN,UNKNOWN,NONE,NOT_YET,APPROACHING,H1_SWING,TOP,NONE,UNCLEAR,UNCLEAR,NONE,UNKNOWN,NOT_YET,UNCLEAR,NO,NO,UNCLEAR,UNKNOWN,,UNCLEAR,NONE,UNKNOWN,,WAIT,WAIT_SWEEP,He does not sell directly from the top and prefers to wait for the H1 high to be swept.
d19a43da80ae0e3ab4207a73a35f317120d37c84,CPGcMydNbbQ,2026-09-29,51:08,UNKNOWN,XAUUSD,CPGcMydNbbQ-PE-011,BADAR,medium,NY,UNKNOWN,POST_NEWS,NONE,UNKNOWN,UNKNOWN,UNKNOWN,UNKNOWN,NONE,NOT_YET,YES,H1_SWING,TOP,SWEEP,YES,UNCLEAR,MOMENTUM_CLOSE,M1,ADEQUATE,UNCLEAR,NO,NO,YES,OUTER_SWING,"About 35 pips, described as acceptable.",UNCLEAR,MARKET_CLOSE,NORMAL,,TRADE_SHORT,TRADE_H1_SWEEP,"He sells after the H1 high is swept, using the M1 behavior and a structural stop above the sweep."
d19a43da80ae0e3ab4207a73a35f317120d37c84,CPGcMydNbbQ,2026-09-29,61:30-62:32,UNKNOWN,XAUUSD,CPGcMydNbbQ-PE-012,BADAR,medium,NY,UNKNOWN,UNKNOWN,NONE,UNKNOWN,UNKNOWN,UNKNOWN,UNKNOWN,NONE,NOT_YET,YES,SWING_HIGH,TOP,NONE,UNCLEAR,UNCLEAR,MOMENTUM_CLOSE,M1/M2,FAILED,UNCLEAR,NO,NO,UNCLEAR,UNKNOWN,,UNCLEAR,NONE,SKIP,,NO_TRADE,NO_TRADE_OPPOSING_MOMENTUM,A high-volume wickless bullish push through the area is treated as evidence not to keep selling.
d19a43da80ae0e3ab4207a73a35f317120d37c84,CPGcMydNbbQ,2026-09-29,64:00,UNKNOWN,XAUUSD,CPGcMydNbbQ-PE-013,BADAR,medium,NY,UNKNOWN,UNKNOWN,NONE,UNKNOWN,UNKNOWN,UNKNOWN,UNKNOWN,NONE,NOT_YET,YES,BREAKOUT_HIGH,TOP,NONE,UNCLEAR,UNCLEAR,NONE,UNKNOWN,NOT_YET,UNCLEAR,NO,NO,UNCLEAR,UNKNOWN,,UNCLEAR,NONE,SKIP,,NO_TRADE,NO_TRADE_NO_CONFIRMATION,He ends flat rather than buying the breakout because he sees no valid buy confirmation at the top.
d19a43da80ae0e3ab4207a73a35f317120d37c84,WUblCihXgPU,2026-09-28,1:22-2:42,UNKNOWN,XAUUSD,WUblCihXgPU-PE-001,BADAR,medium,NY,UNKNOWN,UNKNOWN,NONE,UNKNOWN,UNKNOWN,BEAR,ALIGNED,NONE,NOT_YET,YES,RANGE_LOW|SWING_LOW,BOTTOM,NONE,UNCLEAR,UNCLEAR,NONE,UNKNOWN,NOT_YET,UNCLEAR,NO,YES,UNCLEAR,UNKNOWN,,UNCLEAR,NONE,SKIP,,NO_TRADE,NO_TRADE_WRONG_EXTREME,After the large drop he refuses to sell at the low and says any sell should come from higher.
d19a43da80ae0e3ab4207a73a35f317120d37c84,WUblCihXgPU,2026-09-28,5:07,UNKNOWN,XAUUSD,WUblCihXgPU-PE-002,BADAR,medium,NY,UNKNOWN,UNKNOWN,NONE,UNKNOWN,UNKNOWN,BEAR,COUNTERTREND,NONE,NOT_YET,YES,SWING_LOW,BOTTOM,NONE,UNCLEAR,UNCLEAR,NONE,UNKNOWN,NOT_YET,UNCLEAR,NO,NO,UNCLEAR,UNKNOWN,,UNCLEAR,NONE,SKIP,,NO_TRADE,NO_TRADE_BLIND_COUNTERTREND,He rejects blindly buying simply because price has already fallen sharply.
d19a43da80ae0e3ab4207a73a35f317120d37c84,WUblCihXgPU,2026-09-28,8:00-9:01,UNKNOWN,XAUUSD,WUblCihXgPU-PE-003,BADAR,medium,NY,UNKNOWN,UNKNOWN,NONE,UNKNOWN,UNKNOWN,BEAR,UNKNOWN,NONE,NOT_YET,NO,OTHER,MIDDLE,NONE,UNCLEAR,UNCLEAR,NONE,UNKNOWN,NOT_YET,UNCLEAR,NO,NO,UNCLEAR,UNKNOWN,,UNCLEAR,NONE,SKIP,,NO_TRADE,NO_TRADE_NO_LOCATION,He says the current place cannot be sold and wants price to come up first.
d19a43da80ae0e3ab4207a73a35f317120d37c84,WUblCihXgPU,2026-09-28,10:17,UNKNOWN,XAUUSD,WUblCihXgPU-PE-004,BADAR,medium,NY,UNKNOWN,UNKNOWN,NONE,UNKNOWN,UNKNOWN,BEAR,COUNTERTREND,NONE,NOT_YET,NO,OTHER,MIDDLE,NONE,UNCLEAR,UNCLEAR,NONE,UNKNOWN,NOT_YET,UNCLEAR,NO,NO,UNCLEAR,UNKNOWN,,UNCLEAR,NONE,SKIP,,NO_TRADE,NO_TRADE_NO_LOCATION,He explicitly rejects a buy from the current location.
d19a43da80ae0e3ab4207a73a35f317120d37c84,WUblCihXgPU,2026-09-28,17:13,UNKNOWN,XAUUSD,WUblCihXgPU-PE-005,BADAR,medium,NY,UNKNOWN,UNKNOWN,NONE,UNKNOWN,UNKNOWN,BEAR,ALIGNED,NONE,NOT_YET,APPROACHING,SWING_HIGH,TOP,NONE,UNCLEAR,UNCLEAR,NONE,UNKNOWN,NOT_YET,UNCLEAR,NO,NO,UNCLEAR,UNKNOWN,,UNCLEAR,NONE,UNKNOWN,,WAIT,WAIT_SWEEP,He says price needs to come up and sweep the high before a sell can be planned.
d19a43da80ae0e3ab4207a73a35f317120d37c84,WUblCihXgPU,2026-09-28,18:26,UNKNOWN,XAUUSD,WUblCihXgPU-PE-006,BADAR,medium,NY,UNKNOWN,UNKNOWN,NONE,UNKNOWN,UNKNOWN,UNKNOWN,UNKNOWN,NONE,NOT_YET,NO,OTHER,MIDDLE,NONE,UNCLEAR,UNCLEAR,NONE,UNKNOWN,NOT_YET,UNCLEAR,NO,NO,UNCLEAR,UNKNOWN,,UNCLEAR,NONE,SKIP,,NO_TRADE,NO_TRADE_MIDDLE,He labels the market as in the middle with no sell area and no buy area.
d19a43da80ae0e3ab4207a73a35f317120d37c84,WUblCihXgPU,2026-09-28,21:34-22:36,UNKNOWN,XAUUSD,WUblCihXgPU-PE-007,BADAR,medium,NY,UNKNOWN,UNKNOWN,NONE,UNKNOWN,UNKNOWN,BEAR,COUNTERTREND,M5,NOT_YET,YES,M30_OB,BOTTOM,SWEEP,UNCLEAR,UNCLEAR,MOMENTUM_CLOSE,M5,NOT_YET,UNCLEAR,NO,NO,UNCLEAR,UNKNOWN,,UNCLEAR,NONE,REDUCED,COUNTERTREND,WAIT,WAIT_HTF_CLOSE,"Others consider a small-risk buy, but he waits for the M5 close and treats the initial signal as potentially a trap."
d19a43da80ae0e3ab4207a73a35f317120d37c84,WUblCihXgPU,2026-09-28,24:00,UNKNOWN,XAUUSD,WUblCihXgPU-PE-008,BADAR,medium,NY,UNKNOWN,UNKNOWN,NONE,UNKNOWN,UNKNOWN,BEAR,COUNTERTREND,NONE,NOT_YET,YES,M30_OB,BOTTOM,SWEEP,YES,UNCLEAR,OB_RETRACE,M1/M30,ADEQUATE,UNCLEAR,NO,NO,YES,ZONE,30-35 pips.,UNCLEAR,MARKET_CLOSE,REDUCED,COUNTERTREND|LOW_CONFIDENCE,TRADE_LONG,TRADE_REDUCED_COUNTERTREND,He buys from a small M30 order block after a low sweep but identifies the setup as weaker/countertrend.
d19a43da80ae0e3ab4207a73a35f317120d37c84,WUblCihXgPU,2026-09-28,30:00-30:32,UNKNOWN,XAUUSD,WUblCihXgPU-PE-009,BADAR,medium,NY,UNKNOWN,UNKNOWN,NONE,UNKNOWN,UNKNOWN,BEAR,COUNTERTREND,NONE,NOT_YET,YES,SESSION_LOW,BOTTOM,SWEEP,YES,UNCLEAR,CLOSE_BACK_INSIDE,M1,STRONG,YES,NO,NO,YES,SWEEP_EXTREME,,UNCLEAR,MARKET_CLOSE,REDUCED,COUNTERTREND,TRADE_LONG,TRADE_REDUCED_SWEEP_CONFIRM,"After a fresh M1 sweep of the session low and a close back, he re-enters long but explicitly limits risk because trend is against it."
d19a43da80ae0e3ab4207a73a35f317120d37c84,WUblCihXgPU,2026-09-28,40:00-41:38,UNKNOWN,XAUUSD,WUblCihXgPU-PE-010,BADAR,medium,NY,UNKNOWN,UNKNOWN,NONE,UNKNOWN,UNKNOWN,BEAR,ALIGNED,NONE,NOT_YET,YES,SUPPLY_DEMAND|OB,TOP,TRAP,UNCLEAR,UNCLEAR,MOMENTUM_CLOSE,M1,NOT_YET,UNCLEAR,NO,NO,UNCLEAR,UNKNOWN,,UNCLEAR,NONE,UNKNOWN,,WAIT,WAIT_CONFIRMATION_CLOSE,He will not sell the high-sweep setup until a good sell close appears; the strong bullish M1 close delays entry.
d19a43da80ae0e3ab4207a73a35f317120d37c84,WUblCihXgPU,2026-09-28,44:15-45:18,UNKNOWN,XAUUSD,WUblCihXgPU-PE-011,BADAR,medium,NY,UNKNOWN,UNKNOWN,NONE,UNKNOWN,UNKNOWN,BEAR,ALIGNED,NONE,NOT_YET,APPROACHING,SUPPLY_DEMAND|SWING_HIGH,TOP,NONE,UNCLEAR,UNCLEAR,NONE,UNKNOWN,NOT_YET,UNCLEAR,NO,NO,UNCLEAR,UNKNOWN,,UNCLEAR,NONE,UNKNOWN,,WAIT,WAIT_SECOND_SWEEP,He refuses to sell directly and waits for one more move up / higher sweep.
d19a43da80ae0e3ab4207a73a35f317120d37c84,WUblCihXgPU,2026-09-28,48:02,UNKNOWN,XAUUSD,WUblCihXgPU-PE-012,BADAR,medium,NY,UNKNOWN,UNKNOWN,NONE,UNKNOWN,UNKNOWN,BEAR,ALIGNED,NONE,NOT_YET,YES,SUPPLY_DEMAND|OB,PREMIUM,TRAP,UNCLEAR,UNCLEAR,INVERSE_CLOSE,M1/M5,STRONG,YES,NO,NO,YES,OUTER_SWING,,UNCLEAR,SPLIT_ENTRY,NORMAL,,TRADE_SHORT,TRADE_ALIGNED_TRAP_CONFIRM,"At a premium/supply area, a buy confirmation inside the bearish context is treated as a trap and he sells with split risk."
d19a43da80ae0e3ab4207a73a35f317120d37c84,WUblCihXgPU,2026-09-28,62:13,UNKNOWN,XAUUSD,WUblCihXgPU-PE-013,BADAR,medium,NY,UNKNOWN,UNKNOWN,NONE,UNKNOWN,UNKNOWN,BEAR,COUNTERTREND,NONE,NOT_YET,YES,OTHER,BOTTOM,NONE,UNCLEAR,UNCLEAR,NONE,UNKNOWN,NOT_YET,UNCLEAR,NO,NO,UNCLEAR,UNKNOWN,,UNCLEAR,NONE,SKIP,,NO_TRADE,NO_TRADE_AGAINST_ACTIVE_DIRECTION,He rejects a viewer's buy request while the sell structure remains active.
d19a43da80ae0e3ab4207a73a35f317120d37c84,WUblCihXgPU,2026-09-28,64:00,UNKNOWN,XAUUSD,WUblCihXgPU-PE-014,BADAR,medium,NY,UNKNOWN,UNKNOWN,NONE,UNKNOWN,UNKNOWN,UNKNOWN,UNKNOWN,NONE,NOT_YET,YES,OTHER,UNKNOWN,NONE,UNCLEAR,UNCLEAR,NONE,UNKNOWN,NOT_YET,UNCLEAR,NO,NO,UNCLEAR,UNKNOWN,,UNCLEAR,NONE,SKIP,,NO_TRADE,NO_TRADE_DAILY_STOP_AFTER_SUFFICIENT_TRADES,He declines another requested trade and keeps the day's trade count unchanged.
d19a43da80ae0e3ab4207a73a35f317120d37c84,1E65DgTFxe0,2026-09-25,pre-stream ~08:45 NY,UNKNOWN,XAUUSD,1E65DgTFxe0-PE-001,BADAR,medium,NY,UNKNOWN,UNKNOWN,FRIDAY,UNKNOWN,UNKNOWN,BEAR,ALIGNED,NONE,NOT_YET,YES,EQUAL_HIGH|FIB_PREMIUM|M15_FVG,PREMIUM,SWEEP,YES,UNCLEAR,MOMENTUM_CLOSE,M1/H1,STRONG,YES,NO,NO,YES,SWEEP_EXTREME,,UNCLEAR,SPLIT_ENTRY,NORMAL,,TRADE_SHORT,TRADE_ALIGNED_HTF_SWEEP,"The H1 equal highs are swept in a premium/golden-zone area, H1 closes back, and M1 reversal execution is used."
d19a43da80ae0e3ab4207a73a35f317120d37c84,1E65DgTFxe0,2026-09-25,3:00-4:12,UNKNOWN,XAUUSD,1E65DgTFxe0-PE-002,BADAR,medium,NY,UNKNOWN,UNKNOWN,FRIDAY,UNKNOWN,UNKNOWN,BEAR,ALIGNED,NONE,NOT_YET,APPROACHING,FVG,PREMIUM,NONE,UNCLEAR,UNCLEAR,NONE,UNKNOWN,NOT_YET,UNCLEAR,NO,NO,UNCLEAR,UNKNOWN,,UNCLEAR,NONE,UNKNOWN,,WAIT,WAIT_RETRACE,He waits for price to come back up into the gap before considering another sell.
d19a43da80ae0e3ab4207a73a35f317120d37c84,1E65DgTFxe0,2026-09-25,10:02,UNKNOWN,XAUUSD,1E65DgTFxe0-PE-003,BADAR,medium,NY,UNKNOWN,UNKNOWN,FRIDAY,UNKNOWN,UNKNOWN,BEAR,ALIGNED,NONE,NOT_YET,YES,OTHER,BOTTOM,NONE,UNCLEAR,UNCLEAR,NONE,UNKNOWN,NOT_YET,UNCLEAR,NO,YES,UNCLEAR,UNKNOWN,,UNCLEAR,NONE,SKIP,,NO_TRADE,NO_TRADE_WRONG_EXTREME,He refuses to catch the sell from below after the move has already extended.
d19a43da80ae0e3ab4207a73a35f317120d37c84,1E65DgTFxe0,2026-09-25,17:43,UNKNOWN,XAUUSD,1E65DgTFxe0-PE-004,BADAR,medium,NY,UNKNOWN,UNKNOWN,FRIDAY,UNKNOWN,UNKNOWN,BEAR,ALIGNED,NONE,NOT_YET,APPROACHING,FVG|M15_LIQUIDITY,UNKNOWN,NONE,UNCLEAR,UNCLEAR,NONE,UNKNOWN,NOT_YET,UNCLEAR,NO,NO,UNCLEAR,UNKNOWN,,UNCLEAR,NONE,UNKNOWN,,WAIT,WAIT_SWEEP,He wants price to sweep into the strong/FVG area before planning the next sell.
d19a43da80ae0e3ab4207a73a35f317120d37c84,1E65DgTFxe0,2026-09-25,21:16,UNKNOWN,XAUUSD,1E65DgTFxe0-PE-005,BADAR,medium,NY,UNKNOWN,UNKNOWN,FRIDAY,UNKNOWN,UNKNOWN,BEAR,ALIGNED,NONE,NOT_YET,YES,FVG,UNKNOWN,NONE,UNCLEAR,UNCLEAR,NONE,UNKNOWN,NOT_YET,UNCLEAR,NO,NO,UNCLEAR,UNKNOWN,,UNCLEAR,NONE,UNKNOWN,,WAIT,WAIT_CONFIRMATION,He states that not every gap is tradable and waits for confirmation.
d19a43da80ae0e3ab4207a73a35f317120d37c84,1E65DgTFxe0,2026-09-25,22:17-23:18,UNKNOWN,XAUUSD,1E65DgTFxe0-PE-006,BADAR,medium,NY,UNKNOWN,UNKNOWN,FRIDAY,UNKNOWN,UNKNOWN,BEAR,ALIGNED,NONE,NOT_YET,YES,M15_FVG|HIDDEN_OB,PREMIUM,CONTINUATION_RETEST,UNCLEAR,UNCLEAR,INVERSE_CLOSE,M1/M2,ADEQUATE,YES,NO,NO,YES,ZONE,15-17 pips stated.,UNCLEAR,MARKET_CLOSE,REDUCED,LATE_SESSION,TRADE_SHORT,TRADE_REDUCED_CONTINUATION,A red lower-timeframe close at the hidden OB/FVG triggers a continuation re-sell; he takes less risk because it is later.
d19a43da80ae0e3ab4207a73a35f317120d37c84,1E65DgTFxe0,2026-09-25,29:55,UNKNOWN,XAUUSD,1E65DgTFxe0-PE-007,BADAR,medium,NY,UNKNOWN,UNKNOWN,FRIDAY,UNKNOWN,UNKNOWN,BEAR,UNKNOWN,NONE,NOT_YET,YES,HIDDEN_OB,UNKNOWN,NONE,UNCLEAR,UNCLEAR,NONE,UNKNOWN,NOT_YET,UNCLEAR,NO,NO,UNCLEAR,UNKNOWN,,UNCLEAR,NONE,SKIP,,NO_TRADE,NO_TRADE_STRUCTURE_MISSING,He says every hidden order block is not tradable; structure must validate it.
d19a43da80ae0e3ab4207a73a35f317120d37c84,1E65DgTFxe0,2026-09-25,35:13-42:37,UNKNOWN,XAUUSD,1E65DgTFxe0-PE-008,BADAR,medium,NY,UNKNOWN,UNKNOWN,FRIDAY,UNKNOWN,UNKNOWN,BEAR,UNKNOWN,NONE,NOT_YET,APPROACHING,M15_LIQUIDITY|HIDDEN_OB,UNKNOWN,NONE,UNCLEAR,UNCLEAR,INVERSE_CLOSE,M1/M5,NOT_YET,UNCLEAR,NO,NO,UNCLEAR,UNKNOWN,,UNCLEAR,NONE,UNKNOWN,,WAIT,WAIT_SWEEP_CONFIRM,He waits for M15/M5 liquidity to be swept and then an inverse/candlestick confirmation; it never triggers before the move.
d19a43da80ae0e3ab4207a73a35f317120d37c84,1E65DgTFxe0,2026-09-25,47:20,UNKNOWN,XAUUSD,1E65DgTFxe0-PE-009,BADAR,medium,NY,UNKNOWN,UNKNOWN,FRIDAY,UNKNOWN,UNKNOWN,BEAR,COUNTERTREND,NONE,NOT_YET,YES,OTHER,UNKNOWN,NONE,UNCLEAR,UNCLEAR,NONE,UNKNOWN,NOT_YET,UNCLEAR,NO,NO,UNCLEAR,UNKNOWN,,UNCLEAR,NONE,SKIP,,NO_TRADE,NO_TRADE_AGAINST_ACTIVE_DIRECTION,He says there is no interest in buying at that time.
d19a43da80ae0e3ab4207a73a35f317120d37c84,1E65DgTFxe0,2026-09-25,53:23,UNKNOWN,XAUUSD,1E65DgTFxe0-PE-010,BADAR,medium,NY,UNKNOWN,UNKNOWN,FRIDAY,UNKNOWN,UNKNOWN,UNKNOWN,UNKNOWN,NONE,NOT_YET,YES,OTHER,UNKNOWN,NONE,UNCLEAR,UNCLEAR,NONE,UNKNOWN,NOT_YET,UNCLEAR,NO,NO,UNCLEAR,UNKNOWN,,UNCLEAR,NONE,SKIP,,NO_TRADE,NO_TRADE_STOP_FOR_DAY,He explicitly ends trading for the day after the completed Friday opportunities.
d19a43da80ae0e3ab4207a73a35f317120d37c84,U5CphnzaXio,2026-09-24,4:07-5:09,UNKNOWN,XAUUSD,U5CphnzaXio-PE-001,BADAR,medium,NY,UNKNOWN,UNKNOWN,NONE,UNKNOWN,UNKNOWN,BEAR,UNKNOWN,NONE,NOT_YET,NO,OTHER,MIDDLE,SWEEP,UNCLEAR,UNCLEAR,NONE,UNKNOWN,NOT_YET,UNCLEAR,NO,NO,UNCLEAR,UNKNOWN,,UNCLEAR,NONE,UNKNOWN,,WAIT,WAIT_RETRACE,After the daily-low sweep and bounce he says there is no trade now and waits for price to retrace to a level.
d19a43da80ae0e3ab4207a73a35f317120d37c84,U5CphnzaXio,2026-09-24,7:17-10:06,UNKNOWN,XAUUSD,U5CphnzaXio-PE-002,BADAR,medium,NY,UNKNOWN,UNKNOWN,NONE,UNKNOWN,UNKNOWN,BEAR,ALIGNED,M15,NOT_YET,YES,SESSION_LOW|SUPPLY_DEMAND,PREMIUM,NONE,UNCLEAR,UNCLEAR,MOMENTUM_CLOSE,M5/M10/M15,NOT_YET,UNCLEAR,NO,NO,UNCLEAR,UNKNOWN,,UNCLEAR,NONE,UNKNOWN,,WAIT,WAIT_STACKED_CLOSES,"The sell area is identified, but he waits for successive M5, M10 and M15 closes before entry."
d19a43da80ae0e3ab4207a73a35f317120d37c84,U5CphnzaXio,2026-09-24,11:08,UNKNOWN,XAUUSD,U5CphnzaXio-PE-003,BADAR,medium,NY,UNKNOWN,UNKNOWN,NONE,UNKNOWN,UNKNOWN,BEAR,ALIGNED,NONE,NOT_YET,YES,SESSION_LOW|SUPPLY_DEMAND,PREMIUM,TRAP,UNCLEAR,UNCLEAR,INVERSE_CLOSE|TWO_CANDLE_REJECTION|MSS,M15/M1,STRONG,YES,NO,NO,YES,ZONE,"~50 pips, accepted because trend/RR are favorable.",UNCLEAR,MARKET_CLOSE,NORMAL,,TRADE_SHORT,TRADE_ALIGNED_MULTI_CONFIRM,"After M5/M10/M15 sell closes at premium plus an M1 shift/trap, he enters short in the prevailing sell direction."
d19a43da80ae0e3ab4207a73a35f317120d37c84,U5CphnzaXio,2026-09-24,24:02,UNKNOWN,XAUUSD,U5CphnzaXio-PE-004,BADAR,medium,NY,UNKNOWN,UNKNOWN,NONE,UNKNOWN,UNKNOWN,UNKNOWN,UNKNOWN,NONE,NOT_YET,YES,FVG,UNKNOWN,NONE,UNCLEAR,UNCLEAR,NONE,UNKNOWN,NOT_YET,UNCLEAR,NO,NO,UNCLEAR,UNKNOWN,,UNCLEAR,NONE,SKIP,,NO_TRADE,NO_TRADE_LOW_QUALITY_LOCATION,He says a marked FVG/place was not very good and does not use it as a trade location.
d19a43da80ae0e3ab4207a73a35f317120d37c84,U5CphnzaXio,2026-09-24,42:17,UNKNOWN,XAUUSD,U5CphnzaXio-PE-005,BADAR,medium,NY,UNKNOWN,UNKNOWN,NONE,UNKNOWN,UNKNOWN,BEAR,COUNTERTREND,NONE,NOT_YET,YES,DEMAND,BOTTOM,NONE,UNCLEAR,UNCLEAR,NONE,UNKNOWN,NOT_YET,UNCLEAR,NO,NO,UNCLEAR,UNKNOWN,,UNCLEAR,NONE,SKIP,,NO_TRADE,NO_TRADE_COUNTERTREND_WEAK,He notes buyers below but rejects the countertrend buy because the main direction is sell.
d19a43da80ae0e3ab4207a73a35f317120d37c84,U5CphnzaXio,2026-09-24,41:12-46:31,UNKNOWN,XAUUSD,U5CphnzaXio-PE-006,BADAR,low,NY,UNKNOWN,UNKNOWN,NONE,UNKNOWN,UNKNOWN,BEAR,ALIGNED,NONE,NOT_YET,YES,HIDDEN_OB,UNKNOWN,CONTINUATION_RETEST,UNCLEAR,UNCLEAR,MOMENTUM_CLOSE,M1,ADEQUATE,YES,NO,NO,YES,ZONE,,UNCLEAR,MARKET_CLOSE,REDUCED,REENTRY,TRADE_SHORT,TRADE_REENTRY_CONFIRM,"He gives a live re-sell instruction after a one-minute sell close and hidden-OB retest, though it is unclear whether he personally placed it."
d19a43da80ae0e3ab4207a73a35f317120d37c84,U5CphnzaXio,2026-09-24,59:12-61:28,UNKNOWN,XAUUSD,U5CphnzaXio-PE-007,BADAR,medium,NY,UNKNOWN,UNKNOWN,NONE,UNKNOWN,UNKNOWN,BEAR,ALIGNED,M5,NOT_YET,YES,HIDDEN_OB,UNKNOWN,NONE,UNCLEAR,UNCLEAR,MOMENTUM_CLOSE,M5,NOT_YET,UNCLEAR,NO,NO,UNCLEAR,UNKNOWN,,UNCLEAR,NONE,REDUCED,AFTER_WIN,WAIT,WAIT_CONFIRMATION_CLOSE,He considers only a small add-on if M5 closes below the level and does not take it yet.
d19a43da80ae0e3ab4207a73a35f317120d37c84,U5CphnzaXio,2026-09-24,62:32,UNKNOWN,XAUUSD,U5CphnzaXio-PE-008,BADAR,medium,NY,UNKNOWN,UNKNOWN,NONE,UNKNOWN,UNKNOWN,BEAR,UNKNOWN,NONE,NOT_YET,YES,OTHER,UNKNOWN,NONE,UNCLEAR,UNCLEAR,NONE,UNKNOWN,NOT_YET,UNCLEAR,NO,NO,UNCLEAR,UNKNOWN,,UNCLEAR,NONE,SKIP,,NO_TRADE,NO_TRADE_NO_STACKING,He expects the existing trade to reach target before another entry and declines to stack more risk.
d19a43da80ae0e3ab4207a73a35f317120d37c84,U5CphnzaXio,2026-09-24,72:30-73:32,UNKNOWN,XAUUSD,U5CphnzaXio-PE-009,BADAR,medium,NY,UNKNOWN,UNKNOWN,NONE,UNKNOWN,UNKNOWN,BEAR,ALIGNED,M5,NOT_YET,YES,OTHER,UNKNOWN,NONE,UNCLEAR,UNCLEAR,MOMENTUM_CLOSE,M5,NOT_YET,UNCLEAR,NO,NO,UNCLEAR,UNKNOWN,,UNCLEAR,NONE,REDUCED,LATE_SESSION|AFTER_WIN,WAIT,WAIT_CONFIRMATION_CLOSE,"He mentions another sell only if M5 closes appropriately, with very small size; no new confirmed position appears."
d19a43da80ae0e3ab4207a73a35f317120d37c84,OpMzvMNNrHM,2026-09-23,3:18-6:24,UNKNOWN,XAUUSD,OpMzvMNNrHM-PE-001,BADAR,medium,NY,UNKNOWN,UNKNOWN,NONE,BEAR,UNKNOWN,BEAR,ALIGNED,NONE,NOT_YET,APPROACHING,RANGE_HIGH|SUPPLY_DEMAND,TOP,NONE,UNCLEAR,UNCLEAR,NONE,UNKNOWN,NOT_YET,UNCLEAR,NO,NO,UNCLEAR,UNKNOWN,,UNCLEAR,NONE,UNKNOWN,,WAIT,WAIT_SWEEP,"The range low is the target, but he waits for a sweep of the upper supply before planning a sell."
d19a43da80ae0e3ab4207a73a35f317120d37c84,OpMzvMNNrHM,2026-09-23,~16:00,UNKNOWN,XAUUSD,OpMzvMNNrHM-PE-002,BADAR,medium,NY,UNKNOWN,UNKNOWN,NONE,BEAR,UNKNOWN,BEAR,ALIGNED,NONE,NOT_YET,YES,SUPPLY_DEMAND,PREMIUM,SWEEP,YES,YES,NONE,UNKNOWN,ADEQUATE,UNCLEAR,NO,NO,YES,ZONE,,UNCLEAR,LIMIT_RETRACE,NORMAL,,TRADE_SHORT,TRADE_DIRECT_ZONE_50PCT,A direct limit-style sell is taken at roughly the 50% point of the pre-marked supply after the high sweep.
d19a43da80ae0e3ab4207a73a35f317120d37c84,OpMzvMNNrHM,2026-09-23,17:01,UNKNOWN,XAUUSD,OpMzvMNNrHM-PE-003,BADAR,medium,NY,UNKNOWN,UNKNOWN,NONE,BEAR,UNKNOWN,BEAR,ALIGNED,NONE,NOT_YET,YES,SUPPLY_DEMAND,PREMIUM,TRAP,UNCLEAR,UNCLEAR,INVERSE_CLOSE,M1/M3,STRONG,YES,NO,NO,YES,ZONE,,UNCLEAR,MARKET_CLOSE,NORMAL,,TRADE_SHORT,TRADE_CONFIRMATION_ENTRY,"After a strong bullish push into the sell zone, the M1/M3 inverse close provides the confirmation entry."
d19a43da80ae0e3ab4207a73a35f317120d37c84,OpMzvMNNrHM,2026-09-23,22:40,UNKNOWN,XAUUSD,OpMzvMNNrHM-PE-004,BADAR,medium,NY,UNKNOWN,UNKNOWN,NONE,BEAR,UNKNOWN,UNKNOWN,UNKNOWN,NONE,NOT_YET,YES,FVG,UNKNOWN,NONE,UNCLEAR,UNCLEAR,NONE,UNKNOWN,NOT_YET,UNCLEAR,NO,YES,UNCLEAR,UNKNOWN,,UNCLEAR,NONE,SKIP,,NO_TRADE,NO_TRADE_NO_ADDON,"A wickless candle/FVG appears, but he treats it as a patience situation and does not add."
d19a43da80ae0e3ab4207a73a35f317120d37c84,OpMzvMNNrHM,2026-09-23,24:00-26:11,UNKNOWN,XAUUSD,OpMzvMNNrHM-PE-005,BADAR,medium,NY,UNKNOWN,UNKNOWN,NONE,UNKNOWN,UNKNOWN,UNKNOWN,UNKNOWN,NONE,NOT_YET,YES,OTHER,MIDDLE,NONE,UNCLEAR,UNCLEAR,MSS,M1,FAILED,UNCLEAR,NO,NO,UNCLEAR,UNKNOWN,,UNCLEAR,NONE,SKIP,,NO_TRADE,NO_TRADE_STRUCTURE_MISSING,"While coaching, he says there is no market-structure shift and the market is confusing; stay out."
d19a43da80ae0e3ab4207a73a35f317120d37c84,OpMzvMNNrHM,2026-09-23,32:33-42:17,UNKNOWN,XAUUSD,OpMzvMNNrHM-PE-006,BADAR,medium,NY,UNKNOWN,UNKNOWN,NONE,BEAR,UNKNOWN,BEAR,ALIGNED,NONE,NOT_YET,APPROACHING,RANGE_LOW|SESSION_LIQUIDITY,UNKNOWN,NONE,UNCLEAR,UNCLEAR,INVERSE_CLOSE,M1,NOT_YET,UNCLEAR,NO,NO,UNCLEAR,UNKNOWN,,UNCLEAR,NONE,UNKNOWN,,WAIT,WAIT_SWEEP_CONFIRM,He waits roughly twenty minutes for a sweep/retest of the 4292/4300 area followed by a sell close.
d19a43da80ae0e3ab4207a73a35f317120d37c84,OpMzvMNNrHM,2026-09-23,38:03,UNKNOWN,XAUUSD,OpMzvMNNrHM-PE-007,BADAR,medium,NY,UNKNOWN,UNKNOWN,NONE,BEAR,UNKNOWN,BEAR,ALIGNED,NONE,NOT_YET,YES,SWING_LOW,BOTTOM,NONE,UNCLEAR,UNCLEAR,NONE,UNKNOWN,NOT_YET,UNCLEAR,NO,NO,UNCLEAR,UNKNOWN,,UNCLEAR,NONE,SKIP,,NO_TRADE,NO_TRADE_WRONG_EXTREME,He refuses to sell directly from the swing low.
d19a43da80ae0e3ab4207a73a35f317120d37c84,OpMzvMNNrHM,2026-09-23,46:26-53:40,UNKNOWN,XAUUSD,OpMzvMNNrHM-PE-008,BADAR,medium,NY,UNKNOWN,UNKNOWN,NONE,BEAR,UNKNOWN,BEAR,ALIGNED,NONE,NOT_YET,YES,RANGE_LOW_RETEST|OB,PREMIUM,TRAP,UNCLEAR,UNCLEAR,INVERSE_CLOSE,M1,NOT_YET,UNCLEAR,NO,NO,UNCLEAR,UNKNOWN,,UNCLEAR,NONE,UNKNOWN,,WAIT,WAIT_CONFIRMATION_CLOSE,He wants the buy attempt at the level to fail and a strong sell close to appear before re-selling.
d19a43da80ae0e3ab4207a73a35f317120d37c84,OpMzvMNNrHM,2026-09-23,55:56,UNKNOWN,XAUUSD,OpMzvMNNrHM-PE-009,BADAR,medium,NY,UNKNOWN,UNKNOWN,NONE,BEAR,UNKNOWN,BEAR,ALIGNED,NONE,NOT_YET,YES,BROKEN_RANGE_LOW|OB,UNKNOWN,TRAP,UNCLEAR,UNCLEAR,INVERSE_CLOSE,M1,ADEQUATE,YES,NO,NO,YES,CONFIRMATION_CANDLE,Very small stop is part of the justification.,UNCLEAR,MARKET_CLOSE,REDUCED,REENTRY,TRADE_SHORT,TRADE_REENTRY_SMALL_STOP,A failed buy confirmation near the broken range low closes red; he re-sells with a small lot and tight stop.
d19a43da80ae0e3ab4207a73a35f317120d37c84,OpMzvMNNrHM,2026-09-23,60:11,UNKNOWN,XAUUSD,OpMzvMNNrHM-PE-010,BADAR,medium,NY,UNKNOWN,UNKNOWN,NONE,UNKNOWN,UNKNOWN,UNKNOWN,UNKNOWN,NONE,NOT_YET,YES,OTHER,UNKNOWN,NONE,UNCLEAR,UNCLEAR,NONE,UNKNOWN,NOT_YET,UNCLEAR,NO,NO,UNCLEAR,UNKNOWN,,UNCLEAR,NONE,SKIP,,NO_TRADE,NO_TRADE_STOP_FOR_SESSION,Near stream end he says it is better not to trade further.
d19a43da80ae0e3ab4207a73a35f317120d37c84,qTSedn6hEp8,2026-09-21,0:58,UNKNOWN,XAUUSD,qTSedn6hEp8-PE-001,BADAR,medium,NY,UNKNOWN,UNKNOWN,SLOW_MARKET,UNKNOWN,UNKNOWN,UNKNOWN,UNKNOWN,NONE,NOT_YET,YES,OTHER,UNKNOWN,NONE,UNCLEAR,UNCLEAR,NONE,UNKNOWN,NOT_YET,UNCLEAR,NO,NO,UNCLEAR,UNKNOWN,,UNCLEAR,NONE,SKIP,,NO_TRADE,NO_TRADE_DISCRETION_UNCLEAR,He says he had considered a morning buy but did not take it.
d19a43da80ae0e3ab4207a73a35f317120d37c84,qTSedn6hEp8,2026-09-21,8:00,UNKNOWN,XAUUSD,qTSedn6hEp8-PE-002,BADAR,medium,NY,UNKNOWN,UNKNOWN,SLOW_MARKET|RANGE,UNKNOWN,UNKNOWN,UNKNOWN,UNKNOWN,NONE,NOT_YET,APPROACHING,RANGE_HIGH|RANGE_LOW,MIDDLE,NONE,UNCLEAR,UNCLEAR,NONE,UNKNOWN,NOT_YET,UNCLEAR,NO,NO,UNCLEAR,UNKNOWN,,UNCLEAR,NONE,UNKNOWN,,WAIT,WAIT_RANGE_EXTREME,"With bias unclear in a range, he plans only the range extremes rather than trading the middle."
d19a43da80ae0e3ab4207a73a35f317120d37c84,qTSedn6hEp8,2026-09-21,12:20-14:42,UNKNOWN,XAUUSD,qTSedn6hEp8-PE-003,BADAR,medium,NY,UNKNOWN,UNKNOWN,RANGE,UNKNOWN,UNKNOWN,UNKNOWN,UNKNOWN,NONE,NOT_YET,YES,RANGE_HIGH|M15_OB,TOP,REJECTION,UNCLEAR,UNCLEAR,OB_RETRACE,M1/M15,ADEQUATE,UNCLEAR,NO,NO,YES,ZONE,,UNCLEAR,MARKET_CLOSE,REDUCED,RANGE,TRADE_SHORT,TRADE_RANGE_EXTREME,He sells the range top under an M15 order block with a small stop rather than trading the range middle.
d19a43da80ae0e3ab4207a73a35f317120d37c84,qTSedn6hEp8,2026-09-21,25:00-26:07,UNKNOWN,XAUUSD,qTSedn6hEp8-PE-004,BADAR,medium,NY,UNKNOWN,UNKNOWN,RANGE,UNKNOWN,UNKNOWN,UNKNOWN,UNKNOWN,NONE,NOT_YET,NO,OTHER,MIDDLE,NONE,UNCLEAR,UNCLEAR,REJECTION,M3/M5,WEAK,UNCLEAR,NO,NO,UNCLEAR,UNKNOWN,,UNCLEAR,NONE,SKIP,,NO_TRADE,NO_TRADE_CONFIRMATION_IN_RANGE,"Despite lower-timeframe rejection, he refuses the sell because confirmations are unreliable inside the range."
d19a43da80ae0e3ab4207a73a35f317120d37c84,qTSedn6hEp8,2026-09-21,27:07,UNKNOWN,XAUUSD,qTSedn6hEp8-PE-005,BADAR,medium,NY,UNKNOWN,UNKNOWN,NONE,UNKNOWN,UNKNOWN,UNKNOWN,UNKNOWN,NONE,NOT_YET,YES,OTHER,UNKNOWN,NONE,UNCLEAR,UNCLEAR,NONE,UNKNOWN,NOT_YET,UNCLEAR,NO,YES,UNCLEAR,UNKNOWN,,UNCLEAR,NONE,SKIP,,NO_TRADE,NO_TRADE_FOMO,A fast move is already running; he explicitly treats entering it as fear of missing out.
d19a43da80ae0e3ab4207a73a35f317120d37c84,qTSedn6hEp8,2026-09-21,28:16,UNKNOWN,XAUUSD,qTSedn6hEp8-PE-006,BADAR,medium,NY,UNKNOWN,UNKNOWN,NONE,UNKNOWN,UNKNOWN,UNKNOWN,UNKNOWN,NONE,NOT_YET,YES,OTHER,BOTTOM,NONE,UNCLEAR,UNCLEAR,NONE,UNKNOWN,NOT_YET,UNCLEAR,NO,YES,UNCLEAR,UNKNOWN,,UNCLEAR,NONE,SKIP,,NO_TRADE,NO_TRADE_WRONG_EXTREME,After the fast drop he warns against selling low.
d19a43da80ae0e3ab4207a73a35f317120d37c84,qTSedn6hEp8,2026-09-21,30:26,UNKNOWN,XAUUSD,qTSedn6hEp8-PE-007,BADAR,medium,NY,UNKNOWN,UNKNOWN,NONE,UNKNOWN,UNKNOWN,UNKNOWN,UNKNOWN,NONE,NOT_YET,YES,RANGE_LOW|DEMAND,BOTTOM,NONE,UNCLEAR,UNCLEAR,NONE,UNKNOWN,NOT_YET,UNCLEAR,NO,NO,UNCLEAR,UNKNOWN,,UNCLEAR,NONE,UNKNOWN,,WAIT,WAIT_CONFIRMATION,"He sees a possible buy location but no strong sign yet, so he waits."
d19a43da80ae0e3ab4207a73a35f317120d37c84,qTSedn6hEp8,2026-09-21,36:58,UNKNOWN,XAUUSD,qTSedn6hEp8-PE-008,BADAR,medium,NY,UNKNOWN,UNKNOWN,NONE,UNKNOWN,UNKNOWN,UNKNOWN,UNKNOWN,NONE,NOT_YET,YES,PDL|RANGE_LOW|OB,BOTTOM,SWEEP,YES,YES,MOMENTUM_CLOSE,M1,STRONG,YES,NO,NO,YES,SWEEP_EXTREME,,UNCLEAR,MARKET_CLOSE,NORMAL,,TRADE_LONG,TRADE_SWEEP_CONFIRM,"After previous-low liquidity is swept into an order-block area, a one-minute buy close triggers the long."
d19a43da80ae0e3ab4207a73a35f317120d37c84,qTSedn6hEp8,2026-09-21,39:04,UNKNOWN,XAUUSD,qTSedn6hEp8-PE-009,BADAR,medium,NY,UNKNOWN,UNKNOWN,NONE,UNKNOWN,UNKNOWN,UNKNOWN,UNKNOWN,M15,NOT_YET,YES,RANGE_LOW|OB,UNKNOWN,NONE,UNCLEAR,UNCLEAR,MOMENTUM_CLOSE,M15,NOT_YET,UNCLEAR,NO,NO,UNCLEAR,UNKNOWN,,UNCLEAR,NONE,UNKNOWN,,WAIT,WAIT_HTF_CLOSE,He says not to do it from the beginning and waits for the M15 close.
d19a43da80ae0e3ab4207a73a35f317120d37c84,qTSedn6hEp8,2026-09-21,53:23-54:33,UNKNOWN,XAUUSD,qTSedn6hEp8-PE-010,BADAR,medium,NY,UNKNOWN,UNKNOWN,NONE,UNKNOWN,UNKNOWN,BEAR,COUNTERTREND,H1/M5,NOT_YET,YES,OB,UNKNOWN,NONE,UNCLEAR,UNCLEAR,CLOSE_BACK_INSIDE,H1/M5,FAILED,UNCLEAR,NO,NO,UNCLEAR,UNKNOWN,,UNCLEAR,NONE,SKIP,,NO_TRADE,NO_TRADE_HTF_CLOSE_CONFLICT,He rejects a buy while price is closing bearishly in the order block and waits for H1/5m evidence.
d19a43da80ae0e3ab4207a73a35f317120d37c84,qTSedn6hEp8,2026-09-21,56:00-58:09,UNKNOWN,XAUUSD,qTSedn6hEp8-PE-011,BADAR,medium,NY,UNKNOWN,UNKNOWN,NONE,UNKNOWN,UNKNOWN,BEAR,ALIGNED,NONE,NOT_YET,YES,RANGE_HIGH|TRENDLINE,UNKNOWN,FAKE_BREAK,YES,UNCLEAR,CLOSE_BACK_INSIDE,M30/H1,STRONG,YES,NO,NO,YES,ZONE,>100 pips; explicitly treated as a big-account trade.,UNCLEAR,MARKET_CLOSE,REDUCED,LARGE_STOP,TRADE_SHORT,TRADE_REDUCED_FAKE_BREAK,A fake break above the range closes back inside in a bearish trend; he takes/frames the short at reduced risk because the stop is large.
d19a43da80ae0e3ab4207a73a35f317120d37c84,qTSedn6hEp8,2026-09-21,60:59,UNKNOWN,XAUUSD,qTSedn6hEp8-PE-012,BADAR,medium,NY,UNKNOWN,UNKNOWN,NONE,UNKNOWN,UNKNOWN,BEAR,COUNTERTREND,NONE,NOT_YET,APPROACHING,SUPPORT,UNKNOWN,NONE,UNCLEAR,UNCLEAR,NONE,UNKNOWN,NOT_YET,UNCLEAR,NO,NO,UNCLEAR,UNKNOWN,,UNCLEAR,NONE,SKIP,,NO_TRADE,NO_TRADE_WAIT_FOR_LOWER_AREA,"He says any next buy should come only from the lower 4302/4300 area, not from the current price."
d19a43da80ae0e3ab4207a73a35f317120d37c84,fkZjFHTg3GY,2026-09-18,6:48,UNKNOWN,XAUUSD,fkZjFHTg3GY-PE-001,BADAR,medium,NY,UNKNOWN,UNKNOWN,UNCLEAR_MARKET,UNKNOWN,UNKNOWN,UNKNOWN,UNKNOWN,NONE,NOT_YET,APPROACHING,SUPPLY_DEMAND,UNKNOWN,NONE,UNCLEAR,UNCLEAR,NONE,UNKNOWN,NOT_YET,UNCLEAR,NO,NO,UNCLEAR,UNKNOWN,,UNCLEAR,NONE,UNKNOWN,,WAIT,WAIT_STRUCTURE_FORM,He says the area/structure is not complete and there is no trade until it forms.
d19a43da80ae0e3ab4207a73a35f317120d37c84,fkZjFHTg3GY,2026-09-18,8:00-9:00,UNKNOWN,XAUUSD,fkZjFHTg3GY-PE-002,BADAR,medium,NY,UNKNOWN,UNKNOWN,NONE,UNKNOWN,UNKNOWN,BEAR,ALIGNED,NONE,NOT_YET,YES,FVG|SUPPLY_DEMAND,UNKNOWN,NONE,UNCLEAR,UNCLEAR,NONE,UNKNOWN,NOT_YET,UNCLEAR,NO,YES,UNCLEAR,UNKNOWN,,UNCLEAR,NONE,SKIP,,NO_TRADE,NO_TRADE_CHASE,"He says the missed wickless sell would have been valid earlier, but it is too late now; wait for price to return."
d19a43da80ae0e3ab4207a73a35f317120d37c84,fkZjFHTg3GY,2026-09-18,20:20-27:43,UNKNOWN,XAUUSD,fkZjFHTg3GY-PE-003,BADAR,medium,NY,UNKNOWN,UNKNOWN,NONE,UNKNOWN,UNKNOWN,BEAR,ALIGNED,NONE,NOT_YET,YES,POI|HIDDEN_OB,PREMIUM,SWEEP,YES,UNCLEAR,MSS,M1/M5,STRONG,UNCLEAR,NO,NO,UNCLEAR,UNKNOWN,,UNCLEAR,NONE,SKIP,,NO_TRADE,NO_TRADE_DISCRETION_UNCLEAR,"He identifies rejection, liquidity sweep and momentum shift at the sell POI but still does not take the trade; his stated reason remains unclear."
d19a43da80ae0e3ab4207a73a35f317120d37c84,fkZjFHTg3GY,2026-09-18,23:43-24:00,UNKNOWN,XAUUSD,fkZjFHTg3GY-PE-004,BADAR,medium,NY,UNKNOWN,UNKNOWN,NONE,UNKNOWN,UNKNOWN,BEAR,COUNTERTREND,M30,NOT_YET,YES,OTHER,BOTTOM,NONE,UNCLEAR,UNCLEAR,NONE,UNKNOWN,NOT_YET,UNCLEAR,NO,NO,UNCLEAR,UNKNOWN,,UNCLEAR,NONE,UNKNOWN,,WAIT,WAIT_HTF_CLOSE,He considers a buy but says he does not understand it and waits for the M30 close.
d19a43da80ae0e3ab4207a73a35f317120d37c84,fkZjFHTg3GY,2026-09-18,25:33,UNKNOWN,XAUUSD,fkZjFHTg3GY-PE-005,BADAR,medium,NY,UNKNOWN,UNKNOWN,NONE,UNKNOWN,UNKNOWN,BEAR,COUNTERTREND,NONE,NOT_YET,YES,OTHER,UNKNOWN,NONE,UNCLEAR,UNCLEAR,INVERSE_CLOSE,M1,FAILED,UNCLEAR,NO,NO,UNCLEAR,UNKNOWN,,UNCLEAR,NONE,SKIP,,NO_TRADE,NO_TRADE_TRAP_SIGNAL,A buy close inside the sell move is interpreted as a trap rather than a valid long.
d19a43da80ae0e3ab4207a73a35f317120d37c84,fkZjFHTg3GY,2026-09-18,31:05-32:00,UNKNOWN,XAUUSD,fkZjFHTg3GY-PE-006,BADAR,medium,NY,UNKNOWN,UNKNOWN,RANGE|UNCLEAR_MARKET,UNKNOWN,UNKNOWN,BEAR,COUNTERTREND,NONE,NOT_YET,YES,DEMAND|FVG|RANGE_LOW,BOTTOM,RANGE_TEST,UNCLEAR,UNCLEAR,DEMAND_REACTION,M1,ADEQUATE,UNCLEAR,NO,NO,YES,ZONE,,UNCLEAR,MARKET_CLOSE,REDUCED,RANGE|COUNTERTREND,TRADE_LONG,TRADE_REDUCED_RANGE_DEMAND,He buys from the base of an M1 demand/FVG inside the range despite broader uncertainty.
d19a43da80ae0e3ab4207a73a35f317120d37c84,fkZjFHTg3GY,2026-09-18,37:24,UNKNOWN,XAUUSD,fkZjFHTg3GY-PE-007,BADAR,medium,NY,UNKNOWN,UNKNOWN,RANGE|UNCLEAR_MARKET,UNKNOWN,UNKNOWN,UNKNOWN,UNKNOWN,NONE,NOT_YET,YES,OTHER,BOTTOM,SWEEP,UNCLEAR,UNCLEAR,NONE,UNKNOWN,NOT_YET,UNCLEAR,NO,NO,YES,UNKNOWN,Stop considered too large.,UNCLEAR,NONE,SKIP,LARGE_STOP|CHOP,NO_TRADE,NO_TRADE_UNCLEAR_BIG_STOP,After a low sweep he still cannot justify the buy because the range is unclear and the required stop is too large; he ends the session.
d19a43da80ae0e3ab4207a73a35f317120d37c84,6trb-6A2t6Q,2026-09-17,4:25-6:31,UNKNOWN,XAUUSD,6trb-6A2t6Q-PE-001,BADAR,medium,NY,UNKNOWN,UNKNOWN,POST_FOMC,UNKNOWN,UNKNOWN,UNKNOWN,UNKNOWN,NONE,NOT_YET,YES,SUPPLY_DEMAND,TOP,SWEEP,UNCLEAR,UNCLEAR,NONE,UNKNOWN,NOT_YET,UNCLEAR,NO,NO,YES,UNKNOWN,Direct entry would require a very large stop.,UNCLEAR,NONE,UNKNOWN,,WAIT,WAIT_RETRACE,He expects a sell from the upper retracement/supply but waits for a retrace/wick because the immediate stop would be too large.
d19a43da80ae0e3ab4207a73a35f317120d37c84,6trb-6A2t6Q,2026-09-17,8:00,UNKNOWN,XAUUSD,6trb-6A2t6Q-PE-002,BADAR,medium,NY,UNKNOWN,UNKNOWN,POST_FOMC,BULL,UNKNOWN,UNKNOWN,UNKNOWN,H4,NOT_YET,YES,OTHER,UNKNOWN,NONE,UNCLEAR,UNCLEAR,MOMENTUM_CLOSE,M15,NOT_YET,UNCLEAR,NO,NO,UNCLEAR,UNKNOWN,,UNCLEAR,NONE,UNKNOWN,,WAIT,WAIT_HTF_CLOSE,He considers buying on the M15 close but delays because the H4 close is still pending.
d19a43da80ae0e3ab4207a73a35f317120d37c84,6trb-6A2t6Q,2026-09-17,10:19-11:21,UNKNOWN,XAUUSD,6trb-6A2t6Q-PE-003,BADAR,medium,NY,UNKNOWN,UNKNOWN,POST_FOMC,UNKNOWN,UNKNOWN,UNKNOWN,UNKNOWN,M3,NOT_YET,YES,OTHER,UNKNOWN,NONE,UNCLEAR,UNCLEAR,MOMENTUM_CLOSE,M3,NOT_YET,UNCLEAR,NO,NO,UNCLEAR,UNKNOWN,,UNCLEAR,NONE,UNKNOWN,,WAIT,WAIT_CONFIRMATION_CLOSE,He explicitly waits for the M3 close because the FVG may work on either side.
d19a43da80ae0e3ab4207a73a35f317120d37c84,6trb-6A2t6Q,2026-09-17,12:33,UNKNOWN,XAUUSD,6trb-6A2t6Q-PE-004,BADAR,medium,NY,UNKNOWN,UNKNOWN,POST_FOMC,UNKNOWN,UNKNOWN,UNKNOWN,UNKNOWN,H4,NOT_YET,YES,OTHER,TOP,NONE,UNCLEAR,UNCLEAR,NONE,UNKNOWN,NOT_YET,UNCLEAR,NO,NO,UNCLEAR,UNKNOWN,,UNCLEAR,NONE,SKIP,,NO_TRADE,NO_TRADE_WRONG_EXTREME_PENDING_CLOSE,He says not to buy at the top and that nothing should be done before the H4 close.
d19a43da80ae0e3ab4207a73a35f317120d37c84,6trb-6A2t6Q,2026-09-17,20:54,UNKNOWN,XAUUSD,6trb-6A2t6Q-PE-005,BADAR,medium,NY,UNKNOWN,UNKNOWN,POST_FOMC,UNKNOWN,UNKNOWN,UNKNOWN,UNKNOWN,NONE,NOT_YET,APPROACHING,OB|FVG,UNKNOWN,RETRACE_TO_POI,UNCLEAR,UNCLEAR,NONE,UNKNOWN,NOT_YET,UNCLEAR,NO,NO,UNCLEAR,UNKNOWN,,UNCLEAR,NONE,UNKNOWN,,WAIT,WAIT_RETRACE_CONFIRM,He wants a retracement that provides better information before buying; an unconfirmed limit idea is not enough.
d19a43da80ae0e3ab4207a73a35f317120d37c84,6trb-6A2t6Q,2026-09-17,24:00,UNKNOWN,XAUUSD,6trb-6A2t6Q-PE-006,BADAR,medium,NY,UNKNOWN,UNKNOWN,POST_FOMC,UNKNOWN,UNKNOWN,UNKNOWN,UNKNOWN,NONE,NOT_YET,YES,OTHER,UNKNOWN,NONE,UNCLEAR,UNCLEAR,MOMENTUM_CLOSE,M1,WEAK,UNCLEAR,NO,NO,UNCLEAR,UNKNOWN,,UNCLEAR,NONE,SKIP,,NO_TRADE,NO_TRADE_WEAK_CONFIRMATION,He rejects a weak M1 signal because it closes poorly and is not understandable.
d19a43da80ae0e3ab4207a73a35f317120d37c84,6trb-6A2t6Q,2026-09-17,25:00,UNKNOWN,XAUUSD,6trb-6A2t6Q-PE-007,BADAR,medium,NY,UNKNOWN,UNKNOWN,NONE,UNKNOWN,UNKNOWN,UNKNOWN,UNKNOWN,NONE,NOT_YET,YES,OTHER,BOTTOM,NONE,UNCLEAR,UNCLEAR,NONE,UNKNOWN,NOT_YET,UNCLEAR,NO,NO,UNCLEAR,UNKNOWN,,UNCLEAR,NONE,SKIP,,NO_TRADE,NO_TRADE_WRONG_EXTREME,He explicitly says he did not want to sell from the lows.
d19a43da80ae0e3ab4207a73a35f317120d37c84,6trb-6A2t6Q,2026-09-17,28:33-31:00,UNKNOWN,XAUUSD,6trb-6A2t6Q-PE-008,BADAR,medium,NY,UNKNOWN,UNKNOWN,NONE,BULL,BULL,MIXED,ALIGNED,NONE,NOT_YET,YES,DEMAND,BOTTOM,REJECTION,UNCLEAR,UNCLEAR,DEMAND_REACTION,M1,ADEQUATE,UNCLEAR,NO,NO,YES,ZONE,,UNCLEAR,MARKET_CLOSE,REDUCED,LOW_CONFIDENCE,TRADE_LONG,TRADE_REDUCED_DEMAND_TEST,After the H4 rejection close he takes a small/0.5%-risk long to test the one-minute demand zone.
d19a43da80ae0e3ab4207a73a35f317120d37c84,6trb-6A2t6Q,2026-09-17,32:00,UNKNOWN,XAUUSD,6trb-6A2t6Q-PE-009,BADAR,medium,NY,UNKNOWN,UNKNOWN,NONE,BULL,BULL,UNKNOWN,ALIGNED,NONE,NOT_YET,YES,DEMAND,UNKNOWN,CONTINUATION_RETEST,UNCLEAR,UNCLEAR,MOMENTUM_CLOSE,M1,STRONG,YES,NO,NO,YES,ZONE,,UNCLEAR,SPLIT_ENTRY,REDUCED,ADD_ON,TRADE_LONG,TRADE_ADDON_CONFIRMATION,A better one-minute confirmation leads to a second long/add-on while keeping risk controlled.
d19a43da80ae0e3ab4207a73a35f317120d37c84,6trb-6A2t6Q,2026-09-17,37:28-38:29,UNKNOWN,XAUUSD,6trb-6A2t6Q-PE-010,BADAR,medium,NY,UNKNOWN,UNKNOWN,NONE,UNKNOWN,UNKNOWN,UNKNOWN,UNKNOWN,NONE,NOT_YET,YES,FVG|OB,TOP,NONE,UNCLEAR,UNCLEAR,NONE,UNKNOWN,NOT_YET,UNCLEAR,NO,NO,UNCLEAR,UNKNOWN,,UNCLEAR,NONE,UNKNOWN,,WAIT,WAIT_SWEEP,"A sell area exists above, but he wants it swept first before deciding."
d19a43da80ae0e3ab4207a73a35f317120d37c84,6trb-6A2t6Q,2026-09-17,43:20-45:31,UNKNOWN,XAUUSD,6trb-6A2t6Q-PE-011,BADAR,medium,NY,UNKNOWN,UNKNOWN,NONE,UNKNOWN,UNKNOWN,UNKNOWN,UNKNOWN,NONE,NOT_YET,YES,HIDDEN_OB,UNKNOWN,NONE,UNCLEAR,UNCLEAR,MOMENTUM_CLOSE,M3/M5,WEAK,UNCLEAR,NO,NO,UNCLEAR,UNKNOWN,,UNCLEAR,NONE,UNKNOWN,,WAIT,WAIT_MORE_EVIDENCE,"Bearish M3/M5 closes appear, but he calls it a single arrangement and keeps watching."
d19a43da80ae0e3ab4207a73a35f317120d37c84,6trb-6A2t6Q,2026-09-17,57:00-59:40,UNKNOWN,XAUUSD,6trb-6A2t6Q-PE-012,BADAR,medium,NY,UNKNOWN,UNKNOWN,NONE,UNKNOWN,UNKNOWN,UNKNOWN,UNKNOWN,H1,NOT_YET,APPROACHING,H1_SWING,TOP,SWEEP,UNCLEAR,UNCLEAR,INVERSE_CLOSE,H1,NOT_YET,UNCLEAR,NO,NO,UNCLEAR,UNKNOWN,,UNCLEAR,NONE,UNKNOWN,,WAIT,WAIT_H1_INVERSE_CLOSE,He plans a short only if the high is swept and H1 gives an inverse close.
d19a43da80ae0e3ab4207a73a35f317120d37c84,6trb-6A2t6Q,2026-09-17,61:53-62:53,UNKNOWN,XAUUSD,6trb-6A2t6Q-PE-013,BADAR,medium,NY,UNKNOWN,UNKNOWN,NONE,BULL,UNKNOWN,MIXED,ALIGNED,NONE,NOT_YET,YES,DEMAND,BOTTOM,TRAP,UNCLEAR,UNCLEAR,INVERSE_CLOSE,M15,STRONG,YES,NO,NO,YES,SWEEP_EXTREME,,UNCLEAR,MARKET_CLOSE,REDUCED,SCALP,TRADE_LONG,TRADE_M15_TRAP_REJECTION,"The M15 sell attempt at demand closes with rejection, which he treats as a sell trap and buys."
d19a43da80ae0e3ab4207a73a35f317120d37c84,6trb-6A2t6Q,2026-09-17,68:12,UNKNOWN,XAUUSD,6trb-6A2t6Q-PE-014,BADAR,medium,NY,UNKNOWN,UNKNOWN,NONE,UNKNOWN,UNKNOWN,UNKNOWN,UNKNOWN,NONE,NOT_YET,YES,H1_SWING,TOP,NONE,UNCLEAR,UNCLEAR,INVERSE_CLOSE,H1,FAILED,UNCLEAR,NO,NO,UNCLEAR,UNKNOWN,,UNCLEAR,NONE,SKIP,,NO_TRADE,NO_TRADE_H1_CLOSE_NOT_CONFIRMED,"The H1 did not close down as required, so the planned short is rejected."
d19a43da80ae0e3ab4207a73a35f317120d37c84,y2Oun9g9abk,2026-09-16,4:55-15:22,UNKNOWN,XAUUSD,y2Oun9g9abk-PE-001,BADAR,medium,NY,UNKNOWN,PRE_NEWS,FOMC,UNKNOWN,UNKNOWN,UNKNOWN,UNKNOWN,NONE,NOT_YET,YES,OTHER,UNKNOWN,NONE,UNCLEAR,UNCLEAR,NONE,UNKNOWN,NOT_YET,UNCLEAR,NO,NO,UNCLEAR,UNKNOWN,,UNCLEAR,NONE,SKIP,NEWS,NO_TRADE,NO_TRADE_PRE_NEWS,He refuses to plan a position before FOMC data because the release can sweep both sides.
d19a43da80ae0e3ab4207a73a35f317120d37c84,y2Oun9g9abk,2026-09-16,18:09,UNKNOWN,XAUUSD,y2Oun9g9abk-PE-002,BADAR,medium,NY,UNKNOWN,POST_NEWS,FOMC,UNKNOWN,UNKNOWN,UNKNOWN,UNKNOWN,NONE,NOT_YET,YES,DEMAND,BOTTOM,NONE,UNCLEAR,UNCLEAR,NONE,UNKNOWN,NOT_YET,UNCLEAR,NO,NO,YES,UNKNOWN,Required stop is too large.,UNCLEAR,NONE,SKIP,NEWS|LARGE_STOP,NO_TRADE,NO_TRADE_BIG_STOP,He considers buying the first dump but rejects it because the necessary stop is too large.
d19a43da80ae0e3ab4207a73a35f317120d37c84,y2Oun9g9abk,2026-09-16,20:27,UNKNOWN,XAUUSD,y2Oun9g9abk-PE-003,BADAR,medium,NY,UNKNOWN,POST_NEWS,FOMC,UNKNOWN,UNKNOWN,UNKNOWN,UNKNOWN,NONE,NOT_YET,YES,BREAKER|DEMAND,BOTTOM,RETRACE_TO_POI,UNCLEAR,UNCLEAR,MOMENTUM_CLOSE,M1/M3,STRONG,YES,NO,NO,YES,ZONE,,UNCLEAR,MARKET_CLOSE,REDUCED,NEWS,TRADE_LONG,TRADE_REDUCED_POST_NEWS_CONFIRM,"After the initial news move, a retracement to a breaker and strong M1/M3 close triggers a half-risk long."
d19a43da80ae0e3ab4207a73a35f317120d37c84,y2Oun9g9abk,2026-09-16,23:20-24:00,UNKNOWN,XAUUSD,y2Oun9g9abk-PE-004,BADAR,medium,NY,UNKNOWN,POST_NEWS,FOMC,UNKNOWN,UNKNOWN,UNKNOWN,UNKNOWN,M1,NOT_YET,YES,OB,TOP,TRAP,UNCLEAR,UNCLEAR,INVERSE_CLOSE,M1,NOT_YET,UNCLEAR,NO,NO,UNCLEAR,UNKNOWN,,UNCLEAR,NONE,UNKNOWN,,WAIT,WAIT_CONFIRMATION_CLOSE,He describes a possible short only if the M1 trap closes back inside the order block.
d19a43da80ae0e3ab4207a73a35f317120d37c84,y2Oun9g9abk,2026-09-16,25:13,UNKNOWN,XAUUSD,y2Oun9g9abk-PE-005,BADAR,medium,NY,UNKNOWN,POST_NEWS,FOMC,UNKNOWN,UNKNOWN,UNKNOWN,UNKNOWN,M5/M10,NOT_YET,YES,OTHER,UNKNOWN,NONE,UNCLEAR,UNCLEAR,MOMENTUM_CLOSE,M5/M10,NOT_YET,UNCLEAR,NO,NO,UNCLEAR,UNKNOWN,,UNCLEAR,NONE,UNKNOWN,,WAIT,WAIT_HTF_CLOSE,He stops the immediate sell idea and says to wait for the five- and ten-minute closes.
d19a43da80ae0e3ab4207a73a35f317120d37c84,y2Oun9g9abk,2026-09-16,30:58-34:15,UNKNOWN,XAUUSD,y2Oun9g9abk-PE-006,BADAR,medium,NY,UNKNOWN,POST_NEWS,FOMC,UNKNOWN,UNKNOWN,UNKNOWN,UNKNOWN,NONE,NOT_YET,YES,DEMAND,BOTTOM,SWEEP,UNCLEAR,UNCLEAR,NONE,UNKNOWN,NOT_YET,UNCLEAR,NO,NO,YES,UNKNOWN,Stop is becoming too large.,UNCLEAR,NONE,SKIP,NEWS|LARGE_STOP,NO_TRADE,NO_TRADE_TRAP_RISK_BIG_STOP,"A lower buy zone exists, but he rejects a normal buy because it can be trapped and the stop is too large."
d19a43da80ae0e3ab4207a73a35f317120d37c84,y2Oun9g9abk,2026-09-16,35:19,UNKNOWN,XAUUSD,y2Oun9g9abk-PE-007,BADAR,medium,NY,UNKNOWN,POST_NEWS,FOMC,UNKNOWN,UNKNOWN,UNKNOWN,UNKNOWN,M1,NOT_YET,YES,HIDDEN_OB|FVG,PREMIUM,NONE,UNCLEAR,UNCLEAR,MOMENTUM_CLOSE,M1,NOT_YET,UNCLEAR,NO,NO,UNCLEAR,UNKNOWN,,UNCLEAR,NONE,UNKNOWN,,WAIT,WAIT_CONFIRMATION_CLOSE,He plans the scalp short only if the one-minute candle closes with confirmation at the hidden OB/FVG.
d19a43da80ae0e3ab4207a73a35f317120d37c84,y2Oun9g9abk,2026-09-16,36:19,UNKNOWN,XAUUSD,y2Oun9g9abk-PE-008,BADAR,medium,NY,UNKNOWN,POST_NEWS,FOMC,UNKNOWN,UNKNOWN,UNKNOWN,UNKNOWN,NONE,NOT_YET,YES,HIDDEN_OB|FVG,PREMIUM,RETRACE_TO_POI,UNCLEAR,UNCLEAR,MOMENTUM_CLOSE,M1,ADEQUATE,YES,NO,NO,YES,ZONE,,UNCLEAR,MARKET_CLOSE,REDUCED,NEWS|AGGRESSIVE_ENTRY,TRADE_SHORT,TRADE_REDUCED_POST_NEWS_RETRACE,"After lower-timeframe confirmation at the hidden OB/FVG, he takes an aggressive short with reduced size."
d19a43da80ae0e3ab4207a73a35f317120d37c84,y2Oun9g9abk,2026-09-16,46:33-48:00,UNKNOWN,XAUUSD,y2Oun9g9abk-PE-009,BADAR,medium,NY,UNKNOWN,POST_NEWS,FOMC,UNKNOWN,UNKNOWN,UNKNOWN,UNKNOWN,M1,NOT_YET,YES,HIDDEN_OB,UNKNOWN,NONE,UNCLEAR,UNCLEAR,MOMENTUM_CLOSE,M1,NOT_YET,UNCLEAR,NO,NO,UNCLEAR,UNKNOWN,,UNCLEAR,NONE,UNKNOWN,,WAIT,WAIT_CONFIRMATION_CLOSE,He says another sell would require a fresh one-minute close; no further confirmed trade is taken.
d19a43da80ae0e3ab4207a73a35f317120d37c84,yMdyi-c_Jqk,2026-09-16,11:23-12:24,UNKNOWN,XAUUSD,yMdyi-c_Jqk-PB-001,BADAR,medium,NY,UNKNOWN,UNKNOWN,FOMC,BULL,UNKNOWN,BULL,COUNTERTREND,M15,NOT_YET,APPROACHING,SWING_HIGH|SUPPLY_DEMAND,TOP,NONE,UNCLEAR,UNCLEAR,CLOSE_BACK_INSIDE,M15,NOT_YET,UNCLEAR,NO,NO,UNCLEAR,UNKNOWN,,UNCLEAR,NONE,UNKNOWN,,WAIT,WAIT_SWEEP_CONFIRM,For a countertrend sell he requires the 4360 high to be swept and M15 to close back; neither condition occurs.
d19a43da80ae0e3ab4207a73a35f317120d37c84,yMdyi-c_Jqk,2026-09-16,11:23-12:24,UNKNOWN,XAUUSD,yMdyi-c_Jqk-PB-002,BADAR,medium,NY,UNKNOWN,UNKNOWN,FOMC,BULL,UNKNOWN,BULL,ALIGNED,NONE,NOT_YET,NO,HTF_BUY_AREA,TOP,NONE,UNCLEAR,UNCLEAR,NONE,UNKNOWN,NOT_YET,UNCLEAR,NO,NO,UNCLEAR,UNKNOWN,,UNCLEAR,NONE,SKIP,,NO_TRADE,NO_TRADE_WRONG_EXTREME,"The trend is bullish, but he refuses to buy at the top and wants a deep retracement toward the marked 4310 area."
d19a43da80ae0e3ab4207a73a35f317120d37c84,_DK9mCSob5o,2026-09-15,5:33,UNKNOWN,XAUUSD,_DK9mCSob5o-PB-001,BADAR,medium,NY,UNKNOWN,UNKNOWN,NONE,BEAR,UNKNOWN,BEAR,ALIGNED,NONE,NOT_YET,YES,OTHER,UNKNOWN,NONE,UNCLEAR,UNCLEAR,REJECTION,M5,FAILED,UNCLEAR,NO,NO,UNCLEAR,UNKNOWN,,UNCLEAR,NONE,SKIP,,NO_TRADE,NO_TRADE_REJECTION_AGAINST_IDEA,He refuses an early sell because the candles are closing with rejection and the market is not clear.
d19a43da80ae0e3ab4207a73a35f317120d37c84,_DK9mCSob5o,2026-09-15,6:35-8:00,UNKNOWN,XAUUSD,_DK9mCSob5o-PB-002,BADAR,medium,NY,UNKNOWN,UNKNOWN,NONE,BEAR,UNKNOWN,BEAR,COUNTERTREND,NONE,NOT_YET,YES,SESSION_HIGH,TOP,REJECTION,UNCLEAR,UNCLEAR,REJECTION|MOMENTUM_CLOSE,M5/M1,ADEQUATE,YES,NO,NO,YES,CONFIRMATION_CANDLE,Small 15-25 pip style stop.,UNCLEAR,MARKET_CLOSE,REDUCED,COUNTERTREND,TRADE_LONG,TRADE_REDUCED_SHORT_TERM_SHIFT,Short-term structure is buying; a rejected M5 sell plus M1 confirmation leads to a small long despite bearish HTF context.
d19a43da80ae0e3ab4207a73a35f317120d37c84,_DK9mCSob5o,2026-09-15,13:49-18:18,UNKNOWN,XAUUSD,_DK9mCSob5o-PB-003,BADAR,medium,NY,UNKNOWN,UNKNOWN,NONE,BEAR,UNKNOWN,BEAR,ALIGNED,NONE,NOT_YET,YES,SESSION_HIGH|SUPPLY_DEMAND,TOP,SWEEP,UNCLEAR,UNCLEAR,INVERSE_CLOSE,M15,ADEQUATE,UNCLEAR,NO,NO,YES,UNKNOWN,Current stop would be too large.,UNCLEAR,NONE,REDUCED,LARGE_STOP,WAIT,WAIT_BETTER_LOCATION,After the London-high sweep and reverse M15 close he still wants another sweep/better higher location because the stop is too large.
d19a43da80ae0e3ab4207a73a35f317120d37c84,_DK9mCSob5o,2026-09-15,16:00-17:24,UNKNOWN,XAUUSD,_DK9mCSob5o-PB-004,BADAR,medium,NY,UNKNOWN,UNKNOWN,RANGE,UNKNOWN,UNKNOWN,UNKNOWN,UNKNOWN,NONE,NOT_YET,NO,OTHER,MIDDLE,NONE,UNCLEAR,UNCLEAR,NONE,UNKNOWN,NOT_YET,UNCLEAR,NO,NO,UNCLEAR,UNKNOWN,,UNCLEAR,NONE,SKIP,,NO_TRADE,NO_TRADE_MIDDLE,He describes the market as being in the middle of the range and waits.
d19a43da80ae0e3ab4207a73a35f317120d37c84,_DK9mCSob5o,2026-09-15,20:18,UNKNOWN,XAUUSD,_DK9mCSob5o-PB-005,BADAR,medium,NY,UNKNOWN,UNKNOWN,NONE,BEAR,UNKNOWN,BEAR,COUNTERTREND,NONE,NOT_YET,YES,RANGE_LOW|HIDDEN_OB,BOTTOM,SWEEP,YES,UNCLEAR,MOMENTUM_CLOSE,M1/M3/M5,STRONG,YES,NO,NO,YES,ZONE,,UNCLEAR,MARKET_CLOSE,REDUCED,COUNTERTREND,TRADE_LONG,TRADE_REDUCED_SWEEP_MTF_CONFIRM,"After a range-low sweep, strong bullish closes on M1/M3/M5 lead to a small long scalp."
d19a43da80ae0e3ab4207a73a35f317120d37c84,_DK9mCSob5o,2026-09-15,22:50-26:30,UNKNOWN,XAUUSD,_DK9mCSob5o-PB-006,BADAR,medium,NY,UNKNOWN,UNKNOWN,RANGE,BEAR,UNKNOWN,BEAR,ALIGNED,M30,NOT_YET,YES,OTHER,UNKNOWN,NONE,UNCLEAR,UNCLEAR,MOMENTUM_CLOSE,M15/M30,WEAK,UNCLEAR,NO,NO,UNCLEAR,UNKNOWN,,UNCLEAR,NONE,UNKNOWN,,WAIT,WAIT_HTF_CLOSE,"The M30/M15 sell close is indecisive and the market remains confusing, so he waits."
d19a43da80ae0e3ab4207a73a35f317120d37c84,_DK9mCSob5o,2026-09-15,27:32-29:42,UNKNOWN,XAUUSD,_DK9mCSob5o-PB-007,BADAR,medium,NY,UNKNOWN,UNKNOWN,RANGE,UNKNOWN,UNKNOWN,UNKNOWN,UNKNOWN,NONE,NOT_YET,APPROACHING,RANGE_HIGH|RANGE_LOW,MIDDLE,NONE,UNCLEAR,UNCLEAR,NONE,UNKNOWN,NOT_YET,UNCLEAR,NO,NO,UNCLEAR,UNKNOWN,,UNCLEAR,NONE,UNKNOWN,,WAIT,WAIT_RANGE_EXTREME,In the range he wants either a clear signal from an extreme or a fresh break/liquidity event before trading.
d19a43da80ae0e3ab4207a73a35f317120d37c84,_DK9mCSob5o,2026-09-15,33:04-34:09,UNKNOWN,XAUUSD,_DK9mCSob5o-PB-008,BADAR,medium,NY,UNKNOWN,UNKNOWN,NONE,BEAR,UNKNOWN,BEAR,ALIGNED,NONE,NOT_YET,YES,M15_OB,UNKNOWN,NONE,UNCLEAR,UNCLEAR,MOMENTUM_CLOSE,M1/M3,NOT_YET,UNCLEAR,NO,NO,YES,UNKNOWN,Stop expands as price stalls.,UNCLEAR,NONE,UNKNOWN,,WAIT,WAIT_CONFIRMATION_CLOSE,He would sell the M15 OB on a close but says the sign is unclear/stuck and the stop has increased.
d19a43da80ae0e3ab4207a73a35f317120d37c84,_DK9mCSob5o,2026-09-15,37:17,UNKNOWN,XAUUSD,_DK9mCSob5o-PB-009,BADAR,medium,NY,UNKNOWN,UNKNOWN,NONE,BEAR,UNKNOWN,BEAR,ALIGNED,NONE,NOT_YET,APPROACHING,RANGE_HIGH,TOP,FAKE_BREAK,UNCLEAR,UNCLEAR,NONE,UNKNOWN,NOT_YET,UNCLEAR,NO,NO,UNCLEAR,UNKNOWN,,UNCLEAR,NONE,UNKNOWN,,WAIT,WAIT_FAKE_BREAK,He wants a fake breakout at the range high before taking the direct sell confirmation.
d19a43da80ae0e3ab4207a73a35f317120d37c84,_DK9mCSob5o,2026-09-15,42:06,UNKNOWN,XAUUSD,_DK9mCSob5o-PB-010,BADAR,low,NY,UNKNOWN,UNKNOWN,NONE,BEAR,UNKNOWN,BEAR,ALIGNED,NONE,NOT_YET,YES,RESISTANCE,TOP,NONE,UNCLEAR,UNCLEAR,MOMENTUM_CLOSE,M1,WEAK,UNCLEAR,NO,NO,YES,CONFIRMATION_CANDLE,Very tight ~10-pip test stop.,UNCLEAR,MARKET_CLOSE,REDUCED,TEST_POSITION,TRADE_SHORT,TRADE_SMALL_TEST_AHEAD_OF_MAIN,He describes taking a very small test short at resistance while waiting for the larger manipulation setup.
d19a43da80ae0e3ab4207a73a35f317120d37c84,_DK9mCSob5o,2026-09-15,49:40-53:10,UNKNOWN,XAUUSD,_DK9mCSob5o-PB-011,BADAR,medium,NY,UNKNOWN,UNKNOWN,NONE,BEAR,UNKNOWN,BEAR,ALIGNED,NONE,NOT_YET,YES,FVG|RANGE_HIGH,PREMIUM,SWEEP,YES,UNCLEAR,TWO_CANDLE_REJECTION,M1/M5,STRONG,YES,YES,NO,YES,ZONE,50-55 pip chosen stop versus wider structural risk.,UNCLEAR,MARKET_CLOSE,REDUCED,LARGE_STOP,TRADE_SHORT,TRADE_REDUCED_DOUBLE_REJECTION,"After manipulation above the range high into the FVG, two candles reject the high; he sells at half risk."
d19a43da80ae0e3ab4207a73a35f317120d37c84,_DK9mCSob5o,2026-09-15,59:24,UNKNOWN,XAUUSD,_DK9mCSob5o-PB-012,BADAR,medium,NY,UNKNOWN,UNKNOWN,NONE,BEAR,UNKNOWN,BEAR,ALIGNED,NONE,NOT_YET,NO,OTHER,MIDDLE,NONE,UNCLEAR,UNCLEAR,NONE,UNKNOWN,NOT_YET,UNCLEAR,NO,NO,UNCLEAR,UNKNOWN,,UNCLEAR,NONE,SKIP,,NO_TRADE,NO_TRADE_MIDDLE,Even with a sell bias he says he would never initiate from the current middle location.
d19a43da80ae0e3ab4207a73a35f317120d37c84,_DK9mCSob5o,2026-09-15,65:02,UNKNOWN,XAUUSD,_DK9mCSob5o-PB-013,BADAR,medium,NY,UNKNOWN,UNKNOWN,NONE,BEAR,UNKNOWN,BEAR,ALIGNED,M5,NOT_YET,YES,OTHER,TOP,NONE,UNCLEAR,UNCLEAR,INVERSE_CLOSE,M5,NOT_YET,UNCLEAR,NO,NO,UNCLEAR,UNKNOWN,,UNCLEAR,NONE,UNKNOWN,,WAIT,WAIT_DOUBLE_CLOSE,He requires a bullish M5 close followed by a bearish M5 close before executing another sell.
d19a43da80ae0e3ab4207a73a35f317120d37c84,_DK9mCSob5o,2026-09-15,75:10,UNKNOWN,XAUUSD,_DK9mCSob5o-PB-014,BADAR,medium,NY,UNKNOWN,UNKNOWN,NONE,BEAR,UNKNOWN,BEAR,ALIGNED,NONE,NOT_YET,APPROACHING,OTHER,UNKNOWN,NONE,UNCLEAR,UNCLEAR,NONE,UNKNOWN,NOT_YET,UNCLEAR,NO,NO,UNCLEAR,UNKNOWN,,UNCLEAR,NONE,UNKNOWN,,WAIT,WAIT_RETRACE,He says no good trade is available and wants another retracement before considering the sell.
d19a43da80ae0e3ab4207a73a35f317120d37c84,C18mm9p2oW4,2026-09-14,3:12,UNKNOWN,XAUUSD,C18mm9p2oW4-PB-001,BADAR,medium,NY,UNKNOWN,UNKNOWN,NONE,BEAR,UNKNOWN,BEAR,ALIGNED,NONE,NOT_YET,APPROACHING,OTHER,UNKNOWN,NONE,UNCLEAR,UNCLEAR,NONE,UNKNOWN,NOT_YET,UNCLEAR,NO,NO,UNCLEAR,UNKNOWN,,UNCLEAR,NONE,UNKNOWN,,WAIT,WAIT_RETRACE,He has no trade at current price and waits for a retracement into the planned sell area.
d19a43da80ae0e3ab4207a73a35f317120d37c84,C18mm9p2oW4,2026-09-14,5:19,UNKNOWN,XAUUSD,C18mm9p2oW4-PB-002,BADAR,medium,NY,UNKNOWN,UNKNOWN,NONE,BEAR,UNKNOWN,BEAR,ALIGNED,NONE,NOT_YET,APPROACHING,HIDDEN_OB,PREMIUM,RETRACE_TO_POI,UNCLEAR,UNCLEAR,NONE,UNKNOWN,NOT_YET,UNCLEAR,NO,NO,YES,ZONE,,UNCLEAR,NONE,UNKNOWN,,WAIT,WAIT_LIMIT_ZONE,"A sell limit is planned at the 4302 hidden order block, but price never reaches it."
d19a43da80ae0e3ab4207a73a35f317120d37c84,C18mm9p2oW4,2026-09-14,10:59-13:02,UNKNOWN,XAUUSD,C18mm9p2oW4-PB-003,BADAR,medium,NY,UNKNOWN,UNKNOWN,NONE,BEAR,UNKNOWN,BEAR,COUNTERTREND,NONE,NOT_YET,NO,OTHER,UNKNOWN,NONE,UNCLEAR,UNCLEAR,NONE,UNKNOWN,NOT_YET,UNCLEAR,NO,NO,UNCLEAR,UNKNOWN,,UNCLEAR,NONE,SKIP,,NO_TRADE,NO_TRADE_COUNTERTREND_NO_SIGN,He rejects buying the retracement because it is against the trend and lacks a valid sign.
d19a43da80ae0e3ab4207a73a35f317120d37c84,C18mm9p2oW4,2026-09-14,14:21,UNKNOWN,XAUUSD,C18mm9p2oW4-PB-004,BADAR,medium,NY,UNKNOWN,UNKNOWN,NONE,BEAR,UNKNOWN,BEAR,ALIGNED,NONE,NOT_YET,YES,M15_OB|SUPPLY_DEMAND,PREMIUM,RETRACE_TO_POI,UNCLEAR,UNCLEAR,NONE,UNKNOWN,WEAK,UNCLEAR,NO,NO,YES,ZONE,~45-pip stop.,UNCLEAR,MARKET_CLOSE,REDUCED,NO_CONFIRMATION,TRADE_SHORT,TRADE_REDUCED_NO_CONFIRMATION,He deliberately takes a small trend-continuation sell without confirmation because the block is nearby and stop is manageable.
d19a43da80ae0e3ab4207a73a35f317120d37c84,C18mm9p2oW4,2026-09-14,14:21-15:22,UNKNOWN,XAUUSD,C18mm9p2oW4-PB-005,BADAR,medium,NY,UNKNOWN,UNKNOWN,NONE,BEAR,UNKNOWN,BEAR,ALIGNED,NONE,NOT_YET,YES,HIDDEN_OB,PREMIUM,RETRACE_TO_POI,UNCLEAR,UNCLEAR,NONE,UNKNOWN,ADEQUATE,UNCLEAR,NO,NO,YES,ZONE,Tight ~18-20 pip stop above wickless candle.,UNCLEAR,LIMIT_RETRACE,NORMAL,,TRADE_SHORT,TRADE_MAIN_LIMIT_EXACT_OB,He places the larger main sell at the exact hidden order block with a tight structural stop.
d19a43da80ae0e3ab4207a73a35f317120d37c84,C18mm9p2oW4,2026-09-14,24:30-26:37,UNKNOWN,XAUUSD,C18mm9p2oW4-PB-006,BADAR,medium,NY,UNKNOWN,UNKNOWN,NONE,BEAR,UNKNOWN,BEAR,ALIGNED,NONE,NOT_YET,YES,OTHER,UNKNOWN,NONE,UNCLEAR,UNCLEAR,INVERSE_CLOSE,M3/M5,NOT_YET,UNCLEAR,NO,NO,UNCLEAR,UNKNOWN,,UNCLEAR,NONE,UNKNOWN,,WAIT,WAIT_CONFIRMATION_CLOSE,He considers a re-entry only if the M3/M5 closes trap and reverse again; no separate entry appears.
d19a43da80ae0e3ab4207a73a35f317120d37c84,C18mm9p2oW4,2026-09-14,36:33-37:37,UNKNOWN,XAUUSD,C18mm9p2oW4-PB-007,BADAR,medium,NY,UNKNOWN,UNKNOWN,NONE,BEAR,UNKNOWN,BEAR,COUNTERTREND,NONE,NOT_YET,YES,M1_M5_MOMENTUM_AREA,BOTTOM,REJECTION,UNCLEAR,UNCLEAR,MOMENTUM_CLOSE,M1/M5,ADEQUATE,UNCLEAR,NO,NO,YES,ZONE,,UNCLEAR,MARKET_CLOSE,REDUCED,COUNTERTREND|RISKY_ENTRY,TRADE_LONG,TRADE_REDUCED_COUNTERTREND,A lower-timeframe buy sign leads to a half-risk countertrend long with a 1:1 first target.
d19a43da80ae0e3ab4207a73a35f317120d37c84,C18mm9p2oW4,2026-09-14,41:37-42:38,UNKNOWN,XAUUSD,C18mm9p2oW4-PB-008,BADAR,medium,NY,UNKNOWN,UNKNOWN,NONE,BEAR,UNKNOWN,BEAR,ALIGNED,NONE,NOT_YET,YES,FVG|HIDDEN_OB,UNKNOWN,NONE,UNCLEAR,UNCLEAR,REJECTION,M3,NOT_YET,UNCLEAR,NO,NO,UNCLEAR,UNKNOWN,,UNCLEAR,NONE,UNKNOWN,,WAIT,WAIT_REJECTION,He sees sell potential but waits for actual rejection at the hidden OB/FVG and does not enter when it only wicks.
d19a43da80ae0e3ab4207a73a35f317120d37c84,C18mm9p2oW4,2026-09-14,47:12-48:30,UNKNOWN,XAUUSD,C18mm9p2oW4-PB-009,BADAR,medium,NY,UNKNOWN,UNKNOWN,NONE,BEAR,UNKNOWN,BEAR,ALIGNED,NONE,NOT_YET,YES,FVG,UNKNOWN,RETRACE_TO_POI,UNCLEAR,UNCLEAR,NONE,UNKNOWN,NOT_YET,UNCLEAR,NO,NO,UNCLEAR,UNKNOWN,,UNCLEAR,NONE,UNKNOWN,,WAIT,WAIT_RETRACE,He prefers another retracement into the FVG before selling and hands over rather than chasing.
d19a43da80ae0e3ab4207a73a35f317120d37c84,B83jlxwuo10,2026-09-04,10:12-11:16,UNKNOWN,XAUUSD,B83jlxwuo10-PB-001,BADAR,medium,NY,UNKNOWN,PRE_NEWS,NFP,BULL,UNKNOWN,BULL,ALIGNED,NONE,NOT_YET,YES,H1_FVG|WICKLESS_CANDLE,DISCOUNT,RETRACE_TO_POI,UNCLEAR,UNCLEAR,NONE,UNKNOWN,NOT_YET,UNCLEAR,NO,NO,YES,ZONE,"Large news stop, about 2% account risk.",UNCLEAR,LIMIT_RETRACE,REDUCED,NEWS,TRADE_LONG,TRADE_PRE_NEWS_LIMIT,"He places a small buy limit inside the H1 FVG/wickless-candle area before NFP, explicitly sizing the account risk."
d19a43da80ae0e3ab4207a73a35f317120d37c84,B83jlxwuo10,2026-09-04,14:33-20:11,UNKNOWN,XAUUSD,B83jlxwuo10-PB-002,BADAR,medium,NY,UNKNOWN,PRE_NEWS,NFP,BULL,UNKNOWN,UNKNOWN,UNKNOWN,NONE,NOT_YET,YES,OTHER,UNKNOWN,NONE,UNCLEAR,UNCLEAR,MOMENTUM_CLOSE,M5/M15,FAILED,UNCLEAR,NO,NO,UNCLEAR,UNKNOWN,,UNCLEAR,NONE,SKIP,NEWS,NO_TRADE,NO_TRADE_PRE_NEWS_REJECTION,"A direct market buy requires a strong wickless pre-news close; the candle develops rejection, so he skips that entry."
d19a43da80ae0e3ab4207a73a35f317120d37c84,B83jlxwuo10,2026-09-04,22:22,UNKNOWN,XAUUSD,B83jlxwuo10-PB-003,BADAR,medium,NY,UNKNOWN,ACTIVE_NEWS,NFP,BEAR,UNKNOWN,UNKNOWN,UNKNOWN,NONE,NOT_YET,YES,OB,UNKNOWN,NONE,UNCLEAR,UNCLEAR,NONE,UNKNOWN,NOT_YET,UNCLEAR,NO,NO,UNCLEAR,UNKNOWN,,UNCLEAR,NONE,SKIP,NEWS,NO_TRADE,NO_TRADE_ACTIVE_NEWS_PRESSURE,Immediately after the release he says the move is impossible to trade and refuses buying the order block under heavy selling pressure.
d19a43da80ae0e3ab4207a73a35f317120d37c84,B83jlxwuo10,2026-09-04,25:02-26:04,UNKNOWN,XAUUSD,B83jlxwuo10-PB-004,BADAR,medium,NY,UNKNOWN,POST_NEWS,NFP,BEAR,UNKNOWN,BEAR,ALIGNED,NONE,NOT_YET,YES,OTHER,UNKNOWN,CONTINUATION_RETEST,UNCLEAR,UNCLEAR,MOMENTUM_CLOSE,M1,STRONG,YES,NO,NO,YES,ZONE,Very large ~180-pip stop; risk halved.,UNCLEAR,MARKET_CLOSE,REDUCED,NEWS|LARGE_STOP,TRADE_SHORT,TRADE_REDUCED_POST_NEWS_TREND,"After NFP establishes a sell direction, an M1 sell sign on the pullback triggers a half-risk continuation short."
d19a43da80ae0e3ab4207a73a35f317120d37c84,B83jlxwuo10,2026-09-04,29:23-30:27,UNKNOWN,XAUUSD,B83jlxwuo10-PB-005,BADAR,low,NY,UNKNOWN,POST_NEWS,NFP,BEAR,UNKNOWN,BEAR,ALIGNED,NONE,NOT_YET,YES,OTHER,UNKNOWN,CONTINUATION_RETEST,UNCLEAR,UNCLEAR,MOMENTUM_CLOSE,M1,ADEQUATE,UNCLEAR,NO,NO,YES,ZONE,,UNCLEAR,SPLIT_ENTRY,REDUCED,SECOND_ENTRY|NEWS,TRADE_SHORT,TRADE_SMALL_REMAINDER,"After closing most of the main post-news short, he keeps or describes a smaller continuation position with a smaller stop."
d19a43da80ae0e3ab4207a73a35f317120d37c84,B83jlxwuo10,2026-09-04,35:47,UNKNOWN,XAUUSD,B83jlxwuo10-PB-006,BADAR,medium,NY,UNKNOWN,POST_NEWS,NFP,BEAR,UNKNOWN,BEAR,ALIGNED,NONE,NOT_YET,YES,OB,UNKNOWN,TRAP,UNCLEAR,UNCLEAR,DOUBLE_CONFIRMATION|INVERSE_CLOSE,M1/M2,STRONG,YES,YES,NO,YES,ZONE,,UNCLEAR,MARKET_CLOSE,NORMAL,,TRADE_SHORT,TRADE_DOUBLE_CONFIRM_TRAP,A lower-timeframe buy confirmation fails and closes back inside the order block; he sells the trap after double confirmation.
d19a43da80ae0e3ab4207a73a35f317120d37c84,B83jlxwuo10,2026-09-04,43:48-45:55,UNKNOWN,XAUUSD,B83jlxwuo10-PB-007,BADAR,medium,NY,UNKNOWN,POST_NEWS,NFP,UNKNOWN,UNKNOWN,UNKNOWN,UNKNOWN,NONE,NOT_YET,YES,OTHER,TOP,NONE,UNCLEAR,UNCLEAR,INVERSE_CLOSE,M3,NOT_YET,UNCLEAR,NO,NO,UNCLEAR,UNKNOWN,,UNCLEAR,NONE,UNKNOWN,,WAIT,WAIT_PROPER_SIGN,A new buy sign at the top is rejected as premature; he waits for a proper sign and notes the wick close is not a valid inverse close.
d19a43da80ae0e3ab4207a73a35f317120d37c84,B83jlxwuo10,2026-09-04,48:01,UNKNOWN,XAUUSD,B83jlxwuo10-PB-008,BADAR,medium,NY,UNKNOWN,POST_NEWS,NFP,BEAR,UNKNOWN,BEAR,ALIGNED,NONE,NOT_YET,YES,M5_SWING|FVG|HIDDEN_OB,PREMIUM,SWEEP,YES,YES,INVERSE_CLOSE|MSS,M5/M1,STRONG,YES,NO,NO,YES,SWEEP_EXTREME,Very small ~20-pip stop.,UNCLEAR,MARKET_CLOSE,NORMAL,,TRADE_SHORT,TRADE_SNIPER_SWEEP_CONFIRM,"The third push sweeps the M5 minor high into the gap/hidden OB and closes bearish in the H1 sell direction, producing a tight-stop short."
d19a43da80ae0e3ab4207a73a35f317120d37c84,B83jlxwuo10,2026-09-04,53:14,UNKNOWN,XAUUSD,B83jlxwuo10-PB-009,BADAR,medium,NY,UNKNOWN,UNKNOWN,FRIDAY|NFP,UNKNOWN,UNKNOWN,UNKNOWN,UNKNOWN,NONE,NOT_YET,YES,OTHER,UNKNOWN,NONE,UNCLEAR,UNCLEAR,NONE,UNKNOWN,NOT_YET,UNCLEAR,NO,NO,UNCLEAR,UNKNOWN,,UNCLEAR,NONE,SKIP,,NO_TRADE,NO_TRADE_STOP_FOR_DAY,After the major opportunity he explicitly stops for Friday and says the day is enough.
d19a43da80ae0e3ab4207a73a35f317120d37c84,CKTqdFza1HE,2026-09-02,4:21-15:40,UNKNOWN,XAUUSD,CKTqdFza1HE-PB2-001,BADAR,medium,NY,UNKNOWN,UNKNOWN,NONE,UNKNOWN,UNKNOWN,UNKNOWN,UNKNOWN,NONE,NOT_YET,APPROACHING,H1_FVG|SELL_LIMIT_ZONE,TOP,RETRACE_TO_POI,UNCLEAR,UNCLEAR,NONE,UNKNOWN,NOT_YET,UNCLEAR,NO,NO,YES,ZONE,,UNCLEAR,NONE,UNKNOWN,,WAIT,WAIT_LIMIT_ZONE,He places/retypes sell limits far above current price and waits; price never reaches the planned zone.
d19a43da80ae0e3ab4207a73a35f317120d37c84,CKTqdFza1HE,2026-09-02,13:29,UNKNOWN,XAUUSD,CKTqdFza1HE-PB2-002,BADAR,medium,NY,UNKNOWN,UNKNOWN,NONE,UNKNOWN,UNKNOWN,BULL,ALIGNED,M15,NOT_YET,APPROACHING,M15_LOW|OB,UNKNOWN,NONE,UNCLEAR,UNCLEAR,NONE,UNKNOWN,NOT_YET,UNCLEAR,NO,NO,UNCLEAR,UNKNOWN,,UNCLEAR,NONE,UNKNOWN,,WAIT,WAIT_HTF_CLOSE,He says a second M15 candle at the low could create a good trade and waits for that point.
d19a43da80ae0e3ab4207a73a35f317120d37c84,CKTqdFza1HE,2026-09-02,15:32-16:00,UNKNOWN,XAUUSD,CKTqdFza1HE-PB2-003,BADAR,medium,NY,UNKNOWN,UNKNOWN,NONE,UNKNOWN,UNKNOWN,BULL,ALIGNED,NONE,NOT_YET,YES,OTHER,UNKNOWN,NONE,UNCLEAR,UNCLEAR,DOUBLE_CONFIRMATION,M3,STRONG,UNCLEAR,NO,NO,YES,UNKNOWN,Required stop is about 100 pips.,UNCLEAR,NONE,SKIP,LARGE_STOP,NO_TRADE,NO_TRADE_BIG_STOP,"Even with two good M3 signs in the same place, he skips because the stop would be around 100 pips."
d19a43da80ae0e3ab4207a73a35f317120d37c84,CKTqdFza1HE,2026-09-02,21:10,UNKNOWN,XAUUSD,CKTqdFza1HE-PB2-004,BADAR,medium,NY,UNKNOWN,UNKNOWN,NONE,UNKNOWN,UNKNOWN,BULL,COUNTERTREND,NONE,NOT_YET,YES,OTHER,UNKNOWN,NONE,UNCLEAR,UNCLEAR,TWO_CANDLE_REJECTION,M15,WEAK,UNCLEAR,NO,NO,UNCLEAR,UNKNOWN,,UNCLEAR,NONE,SKIP,,NO_TRADE,NO_TRADE_COUNTERTREND_NO_SWEEP,He rejects an M15 two-candle-rejection sell because he does not see a sweep and short-term trend is buying.
d19a43da80ae0e3ab4207a73a35f317120d37c84,CKTqdFza1HE,2026-09-02,24:00-26:06,UNKNOWN,XAUUSD,CKTqdFza1HE-PB2-005,BADAR,medium,NY,UNKNOWN,UNKNOWN,NONE,UNKNOWN,UNKNOWN,BULL,ALIGNED,NONE,NOT_YET,APPROACHING,M15_OB|TRENDLINE,UNKNOWN,NONE,UNCLEAR,UNCLEAR,MOMENTUM_CLOSE,M1,NOT_YET,UNCLEAR,NO,NO,UNCLEAR,UNKNOWN,,UNCLEAR,NONE,UNKNOWN,,WAIT,WAIT_LOCATION_AND_CLOSE,He keeps waiting for the pre-marked area and a one-minute close rather than buying early.
d19a43da80ae0e3ab4207a73a35f317120d37c84,CKTqdFza1HE,2026-09-02,35:50-38:14,UNKNOWN,XAUUSD,CKTqdFza1HE-PB2-006,BADAR,medium,NY,UNKNOWN,UNKNOWN,NONE,UNKNOWN,UNKNOWN,BULL,ALIGNED,M5,NOT_YET,YES,M15_OB,UNKNOWN,NONE,UNCLEAR,UNCLEAR,REJECTION,M5,NOT_YET,UNCLEAR,NO,NO,UNCLEAR,UNKNOWN,,UNCLEAR,NONE,UNKNOWN,,WAIT,WAIT_CONFIRMATION_CLOSE,At 4385 he waits for the closing candle at the M15 order block before deciding.
d19a43da80ae0e3ab4207a73a35f317120d37c84,CKTqdFza1HE,2026-09-02,38:14,UNKNOWN,XAUUSD,CKTqdFza1HE-PB2-007,BADAR,medium,NY,UNKNOWN,UNKNOWN,NONE,UNKNOWN,UNKNOWN,BULL,ALIGNED,NONE,NOT_YET,YES,M15_OB,UNKNOWN,TRAP,UNCLEAR,UNCLEAR,ENGULF|REJECTION,M1/M5,ADEQUATE,YES,NO,NO,YES,ZONE,Small 25-pip style stop; less than half risk.,UNCLEAR,MARKET_CLOSE,REDUCED,LOW_CONFIDENCE,TRADE_LONG,TRADE_REDUCED_END_TIME_REJECTION,An end-time rejection/trap candle and engulf at the M15 OB triggers a less-than-half-risk long.
d19a43da80ae0e3ab4207a73a35f317120d37c84,CKTqdFza1HE,2026-09-02,35:50-43:06,UNKNOWN,XAUUSD,CKTqdFza1HE-PB2-008,BADAR,medium,NY,UNKNOWN,UNKNOWN,NONE,UNKNOWN,UNKNOWN,BULL,ALIGNED,NONE,NOT_YET,YES,M15_OB|FVG,UNKNOWN,RETRACE_TO_POI,UNCLEAR,UNCLEAR,NONE,UNKNOWN,NOT_YET,UNCLEAR,NO,NO,YES,ZONE,50-60 pips planned; actual risk sized down on a large account.,UNCLEAR,LIMIT_RETRACE,REDUCED,,TRADE_LONG,TRADE_LIMIT_AT_OB_GAP,He places a buy limit at 4378 in the M15 gap/order-block area and sizes the position down to the account risk.
d19a43da80ae0e3ab4207a73a35f317120d37c84,CKTqdFza1HE,2026-09-02,54:39-55:43,UNKNOWN,XAUUSD,CKTqdFza1HE-PB2-009,BADAR,medium,NY,UNKNOWN,UNKNOWN,NONE,UNKNOWN,UNKNOWN,BULL,COUNTERTREND,M5,NOT_YET,YES,OTHER,UNKNOWN,NONE,UNCLEAR,UNCLEAR,MOMENTUM_CLOSE,M5,WEAK,UNCLEAR,NO,NO,UNCLEAR,UNKNOWN,,UNCLEAR,NONE,UNKNOWN,,WAIT,WAIT_STRONGER_CLOSE,A sell sign appears but he says it is not good enough and would only take a proper entry after a stronger five-minute close.
d19a43da80ae0e3ab4207a73a35f317120d37c84,CKTqdFza1HE,2026-09-02,58:05,UNKNOWN,XAUUSD,CKTqdFza1HE-PB2-010,BADAR,medium,NY,UNKNOWN,UNKNOWN,NONE,UNKNOWN,UNKNOWN,BULL,ALIGNED,NONE,NOT_YET,YES,M15_OB|FVG,UNKNOWN,REJECTION,UNCLEAR,UNCLEAR,DOUBLE_CONFIRMATION,M1,STRONG,YES,YES,NO,YES,CONFIRMATION_CANDLE,,UNCLEAR,MARKET_CLOSE,REDUCED,SECOND_ENTRY,TRADE_LONG,TRADE_SECOND_CONFIRMATION,A second one-minute buy sign from the same 4378 area leads to another small entry with risk kept low.
d19a43da80ae0e3ab4207a73a35f317120d37c84,q6wgyFyzIs0,2026-08-31,4:23-6:32,UNKNOWN,XAUUSD,q6wgyFyzIs0-PB2-001,BADAR,medium,NY,UNKNOWN,UNKNOWN,NONE,BEAR,UNKNOWN,BEAR,ALIGNED,NONE,NOT_YET,APPROACHING,FVG,PREMIUM,RETRACE_TO_POI,UNCLEAR,UNCLEAR,NONE,UNKNOWN,NOT_YET,UNCLEAR,NO,NO,UNCLEAR,UNKNOWN,,UNCLEAR,NONE,UNKNOWN,,WAIT,WAIT_RETRACE,"NY bias is sell, but he waits for price to return into the FVG rather than selling current price."
d19a43da80ae0e3ab4207a73a35f317120d37c84,q6wgyFyzIs0,2026-08-31,12:44,UNKNOWN,XAUUSD,q6wgyFyzIs0-PB2-002,BADAR,medium,NY,UNKNOWN,UNKNOWN,NONE,BEAR,UNKNOWN,BEAR,ALIGNED,M15,NOT_YET,YES,M15_FVG,UNKNOWN,NONE,UNCLEAR,UNCLEAR,MOMENTUM_CLOSE,M15,NOT_YET,UNCLEAR,NO,NO,UNCLEAR,UNKNOWN,,UNCLEAR,NONE,UNKNOWN,,WAIT,WAIT_CONFIRMATION_CLOSE,He says the trade becomes available only if M15 gives a good sell close.
d19a43da80ae0e3ab4207a73a35f317120d37c84,q6wgyFyzIs0,2026-08-31,20:17,UNKNOWN,XAUUSD,q6wgyFyzIs0-PB2-003,BADAR,medium,NY,UNKNOWN,UNKNOWN,NONE,BEAR,UNKNOWN,BEAR,UNKNOWN,NONE,NOT_YET,NO,OTHER,MIDDLE,NONE,UNCLEAR,UNCLEAR,NONE,UNKNOWN,NOT_YET,UNCLEAR,NO,NO,UNCLEAR,UNKNOWN,,UNCLEAR,NONE,SKIP,,NO_TRADE,NO_TRADE_STRUCTURE_MISSING,"With a doji and no break of structure, he says there is no trade and waits for the upper area."
d19a43da80ae0e3ab4207a73a35f317120d37c84,q6wgyFyzIs0,2026-08-31,21:20-22:20,UNKNOWN,XAUUSD,q6wgyFyzIs0-PB2-004,BADAR,medium,NY,UNKNOWN,UNKNOWN,NONE,BEAR,UNKNOWN,BEAR,UNKNOWN,NONE,NOT_YET,YES,FVG,UNKNOWN,NONE,UNCLEAR,UNCLEAR,NONE,UNKNOWN,NOT_YET,UNCLEAR,NO,NO,UNCLEAR,UNKNOWN,,UNCLEAR,NONE,SKIP,,NO_TRADE,NO_TRADE_DIRECT_FVG,He rejects the proper/direct FVG sell from current price and says the proper trade should come from higher.
d19a43da80ae0e3ab4207a73a35f317120d37c84,q6wgyFyzIs0,2026-08-31,22:20-23:28,UNKNOWN,XAUUSD,q6wgyFyzIs0-PB2-005,BADAR,medium,NY,UNKNOWN,UNKNOWN,NONE,BEAR,UNKNOWN,BEAR,ALIGNED,NONE,NOT_YET,YES,M1_M5_FVG|WICKLESS_CANDLE,PREMIUM,RETRACE_TO_POI,UNCLEAR,UNCLEAR,NONE,UNKNOWN,NOT_YET,UNCLEAR,NO,NO,YES,ZONE,15-20 pips.,UNCLEAR,LIMIT_RETRACE,REDUCED,LOW_PROBABILITY,TRADE_SHORT,TRADE_SMALL_STOP_FVG,He takes a small-risk sell limit from a compact FVG/wickless-candle area because the stop is very small.
d19a43da80ae0e3ab4207a73a35f317120d37c84,q6wgyFyzIs0,2026-08-31,27:12,UNKNOWN,XAUUSD,q6wgyFyzIs0-PB2-006,BADAR,medium,NY,UNKNOWN,UNKNOWN,NONE,BEAR,UNKNOWN,BEAR,ALIGNED,NONE,NOT_YET,YES,M15_FVG|HIDDEN_OB,PREMIUM,RETRACE_TO_POI,UNCLEAR,UNCLEAR,NONE,UNKNOWN,NOT_YET,UNCLEAR,NO,NO,YES,ZONE,"Large initial structural stop, reduced later.",UNCLEAR,LIMIT_RETRACE,REDUCED,STARTER_ACCOUNT,TRADE_SHORT,TRADE_HIDDEN_OB_LIMIT,"He places the main sell limit at the M15 hidden OB/FVG in the broken-down structure, using reduced size."
d19a43da80ae0e3ab4207a73a35f317120d37c84,q6wgyFyzIs0,2026-08-31,33:51,UNKNOWN,XAUUSD,q6wgyFyzIs0-PB2-007,BADAR,medium,NY,UNKNOWN,UNKNOWN,NONE,BEAR,UNKNOWN,BEAR,UNKNOWN,NEXT_CANDLE,NOT_YET,YES,OTHER,UNKNOWN,NONE,UNCLEAR,UNCLEAR,MOMENTUM_CLOSE,M5/M15,WEAK,UNCLEAR,NO,NO,UNCLEAR,UNKNOWN,,UNCLEAR,NONE,UNKNOWN,,WAIT,WAIT_NON_DOJI_CLOSE,If the close is another doji he waits for the next candle; current chances are not strong enough.
d19a43da80ae0e3ab4207a73a35f317120d37c84,q6wgyFyzIs0,2026-08-31,46:22-47:27,UNKNOWN,XAUUSD,q6wgyFyzIs0-PB2-008,BADAR,medium,NY,UNKNOWN,UNKNOWN,NONE,BEAR,UNKNOWN,BEAR,UNKNOWN,NONE,NOT_YET,YES,OTHER,UNKNOWN,SWEEP,UNCLEAR,UNCLEAR,MOMENTUM_CLOSE,M15/M30,NOT_YET,UNCLEAR,NO,NO,UNCLEAR,UNKNOWN,,UNCLEAR,NONE,UNKNOWN,,WAIT,WAIT_SECOND_SWEEP_CLOSE,He wants another sweep and waits for the M15/M30 close before re-entering.
d19a43da80ae0e3ab4207a73a35f317120d37c84,q6wgyFyzIs0,2026-08-31,47:27-49:00,UNKNOWN,XAUUSD,q6wgyFyzIs0-PB2-009,BADAR,medium,NY,UNKNOWN,UNKNOWN,NONE,BEAR,UNKNOWN,BEAR,ALIGNED,NONE,NOT_YET,YES,EQUAL_HIGH|OB,TOP,SWEEP,YES,UNCLEAR,MOMENTUM_CLOSE,M15/M5,ADEQUATE,YES,NO,NO,YES,OUTER_SWING,,UNCLEAR,MARKET_CLOSE,NORMAL,,TRADE_SHORT,TRADE_SWEEP_M15_CLOSE,"After the equal-high area is swept and M15/M5 sell confirmation appears, he re-enters short."
d19a43da80ae0e3ab4207a73a35f317120d37c84,q6wgyFyzIs0,2026-08-31,60:05-62:07,UNKNOWN,XAUUSD,q6wgyFyzIs0-PB2-010,BADAR,medium,NY,UNKNOWN,UNKNOWN,NONE,BEAR,UNKNOWN,BEAR,UNKNOWN,NONE,NOT_YET,YES,OTHER,UNKNOWN,TRAP,UNCLEAR,UNCLEAR,INVERSE_CLOSE,M5,NOT_YET,UNCLEAR,NO,NO,UNCLEAR,UNKNOWN,,UNCLEAR,NONE,UNKNOWN,,WAIT,WAIT_NEXT_CANDLE_TRAP,A first bullish candle is not enough to call a trap; he waits for the next candle to sweep or close back inside.
d19a43da80ae0e3ab4207a73a35f317120d37c84,q6wgyFyzIs0,2026-08-31,63:12-67:17,UNKNOWN,XAUUSD,q6wgyFyzIs0-PB2-011,BADAR,medium,NY,UNKNOWN,UNKNOWN,NONE,UNKNOWN,UNKNOWN,BEAR,COUNTERTREND,NONE,NOT_YET,YES,OTHER,UNKNOWN,NONE,UNCLEAR,UNCLEAR,NONE,UNKNOWN,NOT_YET,UNCLEAR,NO,YES,UNCLEAR,UNKNOWN,,UNCLEAR,NONE,SKIP,,NO_TRADE,NO_TRADE_MISSED_MOVE,He notes a buy he wanted was missed and does not chase the later move.
d19a43da80ae0e3ab4207a73a35f317120d37c84,u7KGSeF2lA0,2026-08-28,8:00-9:03,UNKNOWN,XAUUSD,u7KGSeF2lA0-PB2-001,BADAR,medium,NY,UNKNOWN,PRE_NEWS,NEWS,UNKNOWN,UNKNOWN,UNKNOWN,UNKNOWN,NONE,NOT_YET,YES,OTHER,UNKNOWN,NONE,UNCLEAR,UNCLEAR,MOMENTUM_CLOSE,M15/M1,FAILED,UNCLEAR,NO,NO,UNCLEAR,UNKNOWN,,UNCLEAR,NONE,SKIP,NEWS,NO_TRADE,NO_TRADE_PRE_NEWS_REJECTION,A planned half-risk pre-news buy is cancelled when the last candle develops rejection instead of a strong close.
d19a43da80ae0e3ab4207a73a35f317120d37c84,u7KGSeF2lA0,2026-08-28,10:03-11:03,UNKNOWN,XAUUSD,u7KGSeF2lA0-PB2-002,BADAR,medium,NY,UNKNOWN,ACTIVE_NEWS,NEWS,UNKNOWN,UNKNOWN,UNKNOWN,UNKNOWN,NONE,NOT_YET,YES,OTHER,UNKNOWN,NONE,UNCLEAR,UNCLEAR,NONE,UNKNOWN,NOT_YET,UNCLEAR,NO,NO,UNCLEAR,UNKNOWN,,UNCLEAR,NONE,SKIP,NEWS,WAIT,WAIT_NEWS_SETTLE,Immediately after the release he waits through server/spread instability and calls safety the first priority.
d19a43da80ae0e3ab4207a73a35f317120d37c84,u7KGSeF2lA0,2026-08-28,12:05,UNKNOWN,XAUUSD,u7KGSeF2lA0-PB2-003,BADAR,medium,NY,UNKNOWN,POST_NEWS,NEWS,UNKNOWN,UNKNOWN,UNKNOWN,UNKNOWN,NONE,NOT_YET,YES,SELL_SIDE_LIQUIDITY,BOTTOM,SWEEP,YES,UNCLEAR,NONE,UNKNOWN,NOT_YET,UNCLEAR,NO,NO,YES,SWEEP_EXTREME,Very large >120-pip stop; risk less than half.,UNCLEAR,MARKET_CLOSE,REDUCED,NEWS|LARGE_STOP,TRADE_LONG,TRADE_REDUCED_POST_NEWS_LIQUIDITY,Two minutes after release he buys at sell-side liquidity with less-than-half risk because the structural stop is very large.
d19a43da80ae0e3ab4207a73a35f317120d37c84,u7KGSeF2lA0,2026-08-28,17:05-19:16,UNKNOWN,XAUUSD,u7KGSeF2lA0-PB2-004,BADAR,medium,NY,UNKNOWN,POST_NEWS,NEWS,UNKNOWN,UNKNOWN,UNKNOWN,UNKNOWN,NONE,NOT_YET,YES,H1_DEMAND|HIDDEN_OB,BOTTOM,NONE,UNCLEAR,UNCLEAR,NONE,UNKNOWN,NOT_YET,UNCLEAR,NO,NO,YES,UNKNOWN,Stop too large.,UNCLEAR,NONE,SKIP,LARGE_STOP|NEWS,NO_TRADE,NO_TRADE_BIG_STOP,At the hidden order block/demand he refuses to advise or take the immediate buy because the stop remains too large.
d19a43da80ae0e3ab4207a73a35f317120d37c84,u7KGSeF2lA0,2026-08-28,20:28-22:19,UNKNOWN,XAUUSD,u7KGSeF2lA0-PB2-005,BADAR,medium,NY,UNKNOWN,POST_NEWS,NEWS,UNKNOWN,UNKNOWN,UNKNOWN,UNKNOWN,NONE,NOT_YET,YES,OTHER,UNKNOWN,NONE,UNCLEAR,UNCLEAR,MOMENTUM_CLOSE,M1,STRONG,UNCLEAR,NO,YES,UNCLEAR,UNKNOWN,,UNCLEAR,NONE,SKIP,,NO_TRADE,NO_TRADE_MISSED_CONFIRMATION,A strong sell sign appears but execution/terminal lag prevents the close he wanted; he does not chase it.
d19a43da80ae0e3ab4207a73a35f317120d37c84,u7KGSeF2lA0,2026-08-28,22:19-25:20,UNKNOWN,XAUUSD,u7KGSeF2lA0-PB2-006,BADAR,medium,NY,UNKNOWN,POST_NEWS,NEWS,UNKNOWN,UNKNOWN,UNKNOWN,UNKNOWN,NONE,NOT_YET,YES,H1_DEMAND|SESSION_LOW,BOTTOM,SWEEP,UNCLEAR,UNCLEAR,CLOSE_BACK_INSIDE,M1,NOT_YET,UNCLEAR,NO,NO,UNCLEAR,UNKNOWN,,UNCLEAR,NONE,UNKNOWN,,WAIT,WAIT_SWEEP_CONFIRM,He waits for the second low sweep and a one-minute close back before buying.
d19a43da80ae0e3ab4207a73a35f317120d37c84,u7KGSeF2lA0,2026-08-28,25:20,UNKNOWN,XAUUSD,u7KGSeF2lA0-PB2-007,BADAR,medium,NY,UNKNOWN,POST_NEWS,NEWS,UNKNOWN,UNKNOWN,UNKNOWN,UNKNOWN,NONE,NOT_YET,YES,H1_DEMAND|SESSION_LOW,BOTTOM,SWEEP,YES,YES,CLOSE_BACK_INSIDE,M1,STRONG,YES,NO,NO,YES,SWEEP_EXTREME,,UNCLEAR,MARKET_CLOSE,REDUCED,NEWS,TRADE_LONG,TRADE_REDUCED_SECOND_SWEEP,"After the second low sweep at H1 demand and M1 close back, he buys with reduced risk."
d19a43da80ae0e3ab4207a73a35f317120d37c84,u7KGSeF2lA0,2026-08-28,33:07-34:40,UNKNOWN,XAUUSD,u7KGSeF2lA0-PB2-008,BADAR,medium,NY,UNKNOWN,POST_NEWS,NEWS,UNKNOWN,UNKNOWN,BEAR,ALIGNED,NONE,NOT_YET,YES,RETEST_AREA,UNKNOWN,CONTINUATION_RETEST,UNCLEAR,UNCLEAR,MOMENTUM_CLOSE,M1,STRONG,YES,NO,NO,YES,UNKNOWN,Large ~100-pip stop; half risk.,UNCLEAR,MARKET_CLOSE,REDUCED,NEWS|LARGE_STOP,TRADE_SHORT,TRADE_REDUCED_TREND_MOMENTUM,A wickless M1 sell close in the short-term sell direction triggers a half-risk short because the stop is large.
d19a43da80ae0e3ab4207a73a35f317120d37c84,u7KGSeF2lA0,2026-08-28,40:00-41:02,UNKNOWN,XAUUSD,u7KGSeF2lA0-PB2-009,BADAR,medium,NY,UNKNOWN,UNKNOWN,NONE,UNKNOWN,UNKNOWN,BEAR,COUNTERTREND,NONE,NOT_YET,YES,FVG|OB,UNKNOWN,NONE,UNCLEAR,UNCLEAR,MOMENTUM_CLOSE,M1,WEAK,UNCLEAR,NO,NO,UNCLEAR,UNKNOWN,,UNCLEAR,NONE,SKIP,,NO_TRADE,NO_TRADE_BARRIER_ABOVE,"A buy sign appears after the short, but the overhead gap/order block makes the buy unattractive."
d19a43da80ae0e3ab4207a73a35f317120d37c84,u7KGSeF2lA0,2026-08-28,43:19,UNKNOWN,XAUUSD,u7KGSeF2lA0-PB2-010,BADAR,medium,NY,UNKNOWN,UNKNOWN,NONE,UNKNOWN,UNKNOWN,UNKNOWN,UNKNOWN,NONE,NOT_YET,YES,OTHER,UNKNOWN,NONE,UNCLEAR,UNCLEAR,NONE,UNKNOWN,NOT_YET,UNCLEAR,NO,NO,UNCLEAR,UNKNOWN,,UNCLEAR,NONE,SKIP,,NO_TRADE,NO_TRADE_OVERTRADE,"He explicitly stops after the day's profit, saying another trade would be overtrading."
d19a43da80ae0e3ab4207a73a35f317120d37c84,IQ4J5GJJK5Q,2026-08-17,8:00-9:02,UNKNOWN,XAUUSD,IQ4J5GJJK5Q-PB2-001,BADAR,medium,NY,UNKNOWN,UNKNOWN,NONE,UNKNOWN,UNKNOWN,BEAR,ALIGNED,NONE,NOT_YET,YES,M5_OB|SUPPLY_DEMAND,PREMIUM,SWEEP,YES,YES,INVERSE_CLOSE,M1/M5,STRONG,YES,NO,NO,YES,SWEEP_EXTREME,,UNCLEAR,MARKET_CLOSE,NORMAL,,TRADE_SHORT,TRADE_SWEEP_INVERSE_CLOSE,A liquidity sweep into the order block plus inverse close and M5 doji leads to an M1 short.
d19a43da80ae0e3ab4207a73a35f317120d37c84,IQ4J5GJJK5Q,2026-08-17,16:30,UNKNOWN,XAUUSD,IQ4J5GJJK5Q-PB2-002,BADAR,medium,NY,UNKNOWN,UNKNOWN,NONE,UNKNOWN,UNKNOWN,BEAR,ALIGNED,M2,NOT_YET,YES,OTHER,UNKNOWN,NONE,UNCLEAR,UNCLEAR,MOMENTUM_CLOSE,M2,NOT_YET,UNCLEAR,NO,NO,UNCLEAR,UNKNOWN,,UNCLEAR,NONE,UNKNOWN,,WAIT,WAIT_CONFIRMATION_CLOSE,After TP1 he does not immediately re-sell the same area and waits for a two-minute close.
d19a43da80ae0e3ab4207a73a35f317120d37c84,IQ4J5GJJK5Q,2026-08-17,17:31-18:35,UNKNOWN,XAUUSD,IQ4J5GJJK5Q-PB2-003,BADAR,medium,NY,UNKNOWN,UNKNOWN,NONE,UNKNOWN,UNKNOWN,BEAR,ALIGNED,NONE,NOT_YET,NO,OTHER,UNKNOWN,NONE,UNCLEAR,UNCLEAR,NONE,UNKNOWN,NOT_YET,UNCLEAR,NO,YES,UNCLEAR,UNKNOWN,,UNCLEAR,NONE,SKIP,,NO_TRADE,NO_TRADE_FAST_IMPULSE,He refuses to sell into a fast bullish impulse and waits for the higher marked area instead.
d19a43da80ae0e3ab4207a73a35f317120d37c84,IQ4J5GJJK5Q,2026-08-17,19:37-20:38,UNKNOWN,XAUUSD,IQ4J5GJJK5Q-PB2-004,BADAR,medium,NY,UNKNOWN,UNKNOWN,NONE,UNKNOWN,UNKNOWN,BEAR,ALIGNED,NONE,NOT_YET,YES,M15_SUPPLY|SWING_HIGH,TOP,SWEEP,YES,UNCLEAR,NONE,UNKNOWN,NOT_YET,UNCLEAR,NO,NO,YES,SWEEP_EXTREME,Very small stop at the swept high.,UNCLEAR,LIMIT_RETRACE,NORMAL,,TRADE_SHORT,TRADE_HIGH_SWEEP_LIMIT,He waits for the upper supply/high sweep and uses a sell limit/direct entry from the high with a very small stop.
d19a43da80ae0e3ab4207a73a35f317120d37c84,IQ4J5GJJK5Q,2026-08-17,22:52,UNKNOWN,XAUUSD,IQ4J5GJJK5Q-PB2-005,BADAR,medium,NY,UNKNOWN,UNKNOWN,NONE,UNKNOWN,UNKNOWN,BEAR,ALIGNED,M1,NOT_YET,YES,OTHER,UNKNOWN,NONE,UNCLEAR,UNCLEAR,MOMENTUM_CLOSE,M1,NOT_YET,UNCLEAR,NO,NO,UNCLEAR,UNKNOWN,,UNCLEAR,NONE,UNKNOWN,,WAIT,WAIT_REENTRY_CLOSE,He considers a third short only if the current candle closes appropriately; no third entry occurs.
d19a43da80ae0e3ab4207a73a35f317120d37c84,IQ4J5GJJK5Q,2026-08-17,24:37-29:56,UNKNOWN,XAUUSD,IQ4J5GJJK5Q-PB2-006,BADAR,medium,NY,UNKNOWN,UNKNOWN,NEWS_HEADLINE,UNKNOWN,UNKNOWN,MIXED,UNKNOWN,NONE,NOT_YET,APPROACHING,FVG,DISCOUNT,NONE,UNCLEAR,UNCLEAR,MOMENTUM_CLOSE,M1/M3,NOT_YET,UNCLEAR,NO,NO,UNCLEAR,UNKNOWN,,UNCLEAR,NONE,UNKNOWN,,WAIT,WAIT_RETRACE_CONFIRM,After a sudden bullish news-driven move he considers buying only after a pullback to the FVG and fresh lower-timeframe confirmation.
d19a43da80ae0e3ab4207a73a35f317120d37c84,JJOGnPBF67I,2026-08-17,~9:00-10:40,UNKNOWN,XAUUSD,JJOGnPBF67I-PB3-001,BADAR,low,LONDON,UNKNOWN,UNKNOWN,NONE,UNKNOWN,UNKNOWN,UNKNOWN,UNKNOWN,NONE,NOT_YET,YES,PRIOR_HIGH|FVG|OB,TOP,SWEEP,YES,UNCLEAR,MSS|FVG_RETRACE,M1,ADEQUATE,YES,NO,NO,YES,SWEEP_EXTREME,,UNCLEAR,LIMIT_RETRACE,NORMAL,,TRADE_SHORT,TRADE_FRAMES_ONLY_SWEEP_RETRACE,"Frames show the London high swept, an M1 selloff, and entry on the first retrace into a small FVG/OB; transcript is insufficient."
d19a43da80ae0e3ab4207a73a35f317120d37c84,JJOGnPBF67I,2026-08-17,15:30,UNKNOWN,XAUUSD,JJOGnPBF67I-PB3-002,BADAR,low,LONDON,UNKNOWN,UNKNOWN,NONE,UNKNOWN,UNKNOWN,UNKNOWN,UNKNOWN,M1,NOT_YET,YES,OTHER,UNKNOWN,NONE,UNCLEAR,UNCLEAR,MSS,M1,NOT_YET,UNCLEAR,NO,NO,UNCLEAR,UNKNOWN,,UNCLEAR,NONE,UNKNOWN,,WAIT,WAIT_STRUCTURE_BREAK,He waits for the one-minute low to break before committing further.
d19a43da80ae0e3ab4207a73a35f317120d37c84,JJOGnPBF67I,2026-08-17,~23:20,UNKNOWN,XAUUSD,JJOGnPBF67I-PB3-003,BADAR,low,LONDON,UNKNOWN,UNKNOWN,NONE,UNKNOWN,UNKNOWN,UNKNOWN,UNKNOWN,NONE,NOT_YET,YES,PRIOR_HIGH_BREAK,UNKNOWN,BREAKOUT,UNCLEAR,UNCLEAR,MOMENTUM_CLOSE,M1,STRONG,YES,NO,NO,YES,ZONE,,UNCLEAR,MARKET_CLOSE,NORMAL,,TRADE_LONG,TRADE_FRAMES_ONLY_BREAKOUT,Frames show a strong M1 break back above the prior high after the failed short; the long box is drawn from the breakout candle.
d19a43da80ae0e3ab4207a73a35f317120d37c84,W2oZdVu2rxE,2026-08-13,9:31-10:31,UNKNOWN,XAUUSD,W2oZdVu2rxE-PB3-001,BADAR,medium,NY,UNKNOWN,UNKNOWN,NONE,UNKNOWN,UNKNOWN,BEAR,ALIGNED,NONE,NOT_YET,YES,M5_FVG|SUPPLY_DEMAND,PREMIUM,RETRACE_TO_POI,UNCLEAR,UNCLEAR,NONE,UNKNOWN,NOT_YET,UNCLEAR,NO,NO,UNCLEAR,UNKNOWN,,UNCLEAR,NONE,UNKNOWN,,WAIT,WAIT_SIGNAL_AT_RETRACE,He identifies the trend-direction sell from the M5 FVG/supply but never gets the signal at the retrace.
d19a43da80ae0e3ab4207a73a35f317120d37c84,W2oZdVu2rxE,2026-08-13,12:22-14:54,UNKNOWN,XAUUSD,W2oZdVu2rxE-PB3-002,BADAR,medium,NY,UNKNOWN,UNKNOWN,NONE,UNKNOWN,UNKNOWN,BEAR,COUNTERTREND,M1,NOT_YET,YES,M5_DEMAND|FVG,BOTTOM,NONE,UNCLEAR,UNCLEAR,ENGULF,M1,NOT_YET,UNCLEAR,NO,NO,UNCLEAR,UNKNOWN,,UNCLEAR,NONE,UNKNOWN,,WAIT,WAIT_CONFIRMATION_CLOSE,At the demand zone he refuses a direct buy and asks for another close/engulfing on M1.
d19a43da80ae0e3ab4207a73a35f317120d37c84,W2oZdVu2rxE,2026-08-13,14:54,UNKNOWN,XAUUSD,W2oZdVu2rxE-PB3-003,BADAR,medium,NY,UNKNOWN,UNKNOWN,NONE,UNKNOWN,UNKNOWN,BEAR,COUNTERTREND,NONE,NOT_YET,YES,M5_DEMAND|FVG,BOTTOM,REJECTION,UNCLEAR,UNCLEAR,ENGULF|MOMENTUM_CLOSE,M1,ADEQUATE,YES,NO,NO,YES,ZONE,,UNCLEAR,MARKET_CLOSE,REDUCED,COUNTERTREND,TRADE_LONG,TRADE_REDUCED_DEMAND_CONFIRM,"After a one-minute confirmation at the M5 demand/FVG, he takes the countertrend long with a structural stop."
d19a43da80ae0e3ab4207a73a35f317120d37c84,W2oZdVu2rxE,2026-08-13,17:03-18:03,UNKNOWN,XAUUSD,W2oZdVu2rxE-PB3-004,BADAR,medium,NY,UNKNOWN,UNKNOWN,NONE,UNKNOWN,UNKNOWN,BEAR,COUNTERTREND,NONE,NOT_YET,YES,OTHER,UNKNOWN,NONE,UNCLEAR,UNCLEAR,MSS,M1/M2,NOT_YET,UNCLEAR,NO,NO,UNCLEAR,UNKNOWN,,UNCLEAR,NONE,UNKNOWN,,WAIT,WAIT_MSS,He says the structure is breaking and refuses another buy until a one- or two-minute shift/sign appears.
d19a43da80ae0e3ab4207a73a35f317120d37c84,W2oZdVu2rxE,2026-08-13,21:17-22:18,UNKNOWN,XAUUSD,W2oZdVu2rxE-PB3-005,BADAR,medium,NY,UNKNOWN,UNKNOWN,NONE,UNKNOWN,UNKNOWN,BEAR,COUNTERTREND,NONE,NOT_YET,YES,SESSION_LOW|M5_FVG,BOTTOM,SWEEP,YES,UNCLEAR,CLOSE_BACK_INSIDE,M1,STRONG,YES,NO,NO,YES,SWEEP_EXTREME,,UNCLEAR,MARKET_CLOSE,REDUCED,COUNTERTREND,TRADE_LONG,TRADE_REDUCED_SWEEP_RECLAIM,"After the lows are swept and M1 strongly closes back above the FVG area, he buys the reclaim."
d19a43da80ae0e3ab4207a73a35f317120d37c84,W2oZdVu2rxE,2026-08-13,27:07,UNKNOWN,XAUUSD,W2oZdVu2rxE-PB3-006,BADAR,medium,NY,UNKNOWN,UNKNOWN,LOW_VOLATILITY,UNKNOWN,UNKNOWN,UNKNOWN,UNKNOWN,NONE,NOT_YET,YES,OTHER,UNKNOWN,NONE,UNCLEAR,UNCLEAR,NONE,UNKNOWN,NOT_YET,UNCLEAR,NO,NO,UNCLEAR,UNKNOWN,,UNCLEAR,NONE,SKIP,,WAIT,WAIT_LOW_VOLATILITY,"He says the market is not volatile enough and is not confident in targeting the high, so he waits."
d19a43da80ae0e3ab4207a73a35f317120d37c84,W2oZdVu2rxE,2026-08-13,33:24-37:13,UNKNOWN,XAUUSD,W2oZdVu2rxE-PB3-007,BADAR,medium,NY,UNKNOWN,UNKNOWN,NONE,UNKNOWN,UNKNOWN,BEAR,COUNTERTREND,M5,NOT_YET,YES,M5_DEMAND,BOTTOM,NONE,UNCLEAR,UNCLEAR,MOMENTUM_CLOSE,M5,NOT_YET,UNCLEAR,NO,NO,UNCLEAR,UNKNOWN,,UNCLEAR,NONE,UNKNOWN,,WAIT,WAIT_HTF_CLOSE,"Several lower-timeframe traps appear, but he waits for the five-minute close before allowing a buy."
d19a43da80ae0e3ab4207a73a35f317120d37c84,W2oZdVu2rxE,2026-08-13,40:36-41:37,UNKNOWN,XAUUSD,W2oZdVu2rxE-PB3-008,BADAR,medium,NY,UNKNOWN,UNKNOWN,NONE,UNKNOWN,UNKNOWN,BEAR,COUNTERTREND,NONE,NOT_YET,YES,OTHER,UNKNOWN,NONE,UNCLEAR,UNCLEAR,MOMENTUM_CLOSE,H1,FAILED,YES,NO,NO,UNCLEAR,UNKNOWN,,UNCLEAR,NONE,SKIP,,NO_TRADE,NO_TRADE_H1_CLOSE_CONFLICT,"The H1 closes bearish, so he says not to think about buying."
d19a43da80ae0e3ab4207a73a35f317120d37c84,W2oZdVu2rxE,2026-08-13,42:38,UNKNOWN,XAUUSD,W2oZdVu2rxE-PB3-009,BADAR,medium,NY,UNKNOWN,UNKNOWN,NONE,UNKNOWN,UNKNOWN,UNKNOWN,UNKNOWN,NONE,NOT_YET,YES,OTHER,UNKNOWN,NONE,UNCLEAR,UNCLEAR,NONE,UNKNOWN,NOT_YET,UNCLEAR,NO,NO,UNCLEAR,UNKNOWN,,UNCLEAR,NONE,SKIP,,NO_TRADE,NO_TRADE_DAILY_LOSS_STOP,After two losses he explicitly stops trading for the day.
d19a43da80ae0e3ab4207a73a35f317120d37c84,NIDMLJuBPwk,2026-08-07,15:04-24:00,UNKNOWN,XAUUSD,NIDMLJuBPwk-PB3-001,BADAR,medium,NY,UNKNOWN,PRE_NEWS,NFP,UNKNOWN,UNKNOWN,UNKNOWN,UNKNOWN,NONE,NOT_YET,YES,OTHER,UNKNOWN,NONE,UNCLEAR,UNCLEAR,NONE,UNKNOWN,NOT_YET,UNCLEAR,NO,NO,UNCLEAR,UNKNOWN,,UNCLEAR,NONE,SKIP,NEWS,NO_TRADE,NO_TRADE_PRE_NEWS_PENDING_ORDER,He rejects pre-news buy-stop/sell-stop execution because the market can move before the trigger and destroy the account.
d19a43da80ae0e3ab4207a73a35f317120d37c84,NIDMLJuBPwk,2026-08-07,25:04-29:07,UNKNOWN,XAUUSD,NIDMLJuBPwk-PB3-002,BADAR,medium,NY,UNKNOWN,POST_NEWS,NFP,UNKNOWN,UNKNOWN,BULL,ALIGNED,NONE,NOT_YET,YES,SELL_SIDE_LIQUIDITY,BOTTOM,SWEEP,UNCLEAR,UNCLEAR,REJECTION|CLOSE_BACK_INSIDE,M1,NOT_YET,UNCLEAR,NO,NO,UNCLEAR,UNKNOWN,,UNCLEAR,NONE,UNKNOWN,,WAIT,WAIT_POST_NEWS_RETRACE_CONFIRM,After the sell-side sweep he avoids a direct buy and waits for the first M1 close/retrace and rejection confirmation.
d19a43da80ae0e3ab4207a73a35f317120d37c84,NIDMLJuBPwk,2026-08-07,29:07,UNKNOWN,XAUUSD,NIDMLJuBPwk-PB3-003,BADAR,low,NY,UNKNOWN,POST_NEWS,NFP,UNKNOWN,UNKNOWN,BULL,ALIGNED,NONE,NOT_YET,YES,SELL_SIDE_LIQUIDITY,BOTTOM,SWEEP,YES,UNCLEAR,REJECTION|CLOSE_BACK_INSIDE,M1,ADEQUATE,YES,NO,NO,YES,SWEEP_EXTREME,,UNCLEAR,MARKET_CLOSE,REDUCED,NEWS|BROKER_RISK,TRADE_LONG,TRADE_REDUCED_POST_NFP_SWEEP,After the post-NFP sweep and M1 close/rejection he buys with very low/half risk while broker execution is unstable.
d19a43da80ae0e3ab4207a73a35f317120d37c84,NIDMLJuBPwk,2026-08-07,34:07-38:29,UNKNOWN,XAUUSD,NIDMLJuBPwk-PB3-004,BADAR,medium,NY,UNKNOWN,POST_NEWS,NFP,UNKNOWN,UNKNOWN,UNKNOWN,UNKNOWN,M5,NOT_YET,YES,M1_FVG,UNKNOWN,NONE,UNCLEAR,UNCLEAR,MOMENTUM_CLOSE,M1/M5,NOT_YET,UNCLEAR,NO,NO,UNCLEAR,UNKNOWN,,UNCLEAR,NONE,UNKNOWN,,WAIT,WAIT_5M_CLOSE,A possible FVG buy is delayed because he wants a wickless close and then the M5 close; the M5 does not confirm.
d19a43da80ae0e3ab4207a73a35f317120d37c84,NIDMLJuBPwk,2026-08-07,41:31,UNKNOWN,XAUUSD,NIDMLJuBPwk-PB3-005,BADAR,medium,NY,UNKNOWN,POST_NEWS,NFP,UNKNOWN,UNKNOWN,UNKNOWN,UNKNOWN,NONE,NOT_YET,APPROACHING,OTHER,UNKNOWN,NONE,UNCLEAR,UNCLEAR,NONE,UNKNOWN,NOT_YET,UNCLEAR,NO,NO,UNCLEAR,UNKNOWN,,UNCLEAR,NONE,UNKNOWN,,WAIT,WAIT_RETRACE,He lets the slow rally retrace before considering another buy.
d19a43da80ae0e3ab4207a73a35f317120d37c84,NIDMLJuBPwk,2026-08-07,48:01-53:19,UNKNOWN,XAUUSD,NIDMLJuBPwk-PB3-006,BADAR,medium,NY,UNKNOWN,POST_NEWS,NFP,UNKNOWN,UNKNOWN,UNKNOWN,UNKNOWN,NONE,NOT_YET,YES,M1_FVG,UNKNOWN,RETRACE_TO_POI,UNCLEAR,UNCLEAR,MOMENTUM_CLOSE,M1,NOT_YET,UNCLEAR,NO,NO,UNCLEAR,UNKNOWN,,UNCLEAR,NONE,REDUCED,NEWS,WAIT,WAIT_CONFIRMATION_CLOSE,He plans a half-risk buy at the FVG only if M1 gives a good bullish close and is ready to exit quickly if the gap closes down.
d19a43da80ae0e3ab4207a73a35f317120d37c84,NIDMLJuBPwk,2026-08-07,53:19-57:09,UNKNOWN,XAUUSD,NIDMLJuBPwk-PB3-007,BADAR,medium,NY,UNKNOWN,POST_NEWS,NFP,UNKNOWN,UNKNOWN,UNKNOWN,UNKNOWN,NONE,NOT_YET,APPROACHING,M15_LOW|BOS_BASE,BOTTOM,NONE,UNCLEAR,UNCLEAR,MOMENTUM_CLOSE,M1,NOT_YET,UNCLEAR,NO,NO,UNCLEAR,UNKNOWN,,UNCLEAR,NONE,UNKNOWN,,WAIT,WAIT_DEEPER_CONFIRMATION,He prefers the deeper low/base and waits for one-minute confirmation there rather than buying the higher FVG.
d19a43da80ae0e3ab4207a73a35f317120d37c84,NIDMLJuBPwk,2026-08-07,58:12-59:17,UNKNOWN,XAUUSD,NIDMLJuBPwk-PB3-008,BADAR,medium,NY,UNKNOWN,POST_NEWS,NFP,UNKNOWN,UNKNOWN,BULL,ALIGNED,NONE,NOT_YET,YES,BOS_ORIGIN|M15_LOW,BOTTOM,RETRACE_TO_POI,UNCLEAR,UNCLEAR,NONE,UNKNOWN,NOT_YET,UNCLEAR,NO,NO,YES,OUTER_SWING,30-35 pip tight stop; chart labeled half risk.,UNCLEAR,LIMIT_RETRACE,REDUCED,NEWS|HALF_RISK,TRADE_LONG,TRADE_REDUCED_BOS_BASE_LIMIT,He places a direct limit just under the post-news BOS base/low with a small structural stop and half-risk label.
d19a43da80ae0e3ab4207a73a35f317120d37c84,NIDMLJuBPwk,2026-08-07,65:31-66:33,UNKNOWN,XAUUSD,NIDMLJuBPwk-PB3-009,BADAR,medium,NY,UNKNOWN,POST_NEWS,NFP,UNKNOWN,UNKNOWN,UNKNOWN,UNKNOWN,NONE,NOT_YET,YES,OTHER,UNKNOWN,NONE,UNCLEAR,UNCLEAR,NONE,UNKNOWN,NOT_YET,UNCLEAR,NO,NO,UNCLEAR,UNKNOWN,,UNCLEAR,NONE,SKIP,,NO_TRADE,NO_TRADE_STOP_FOR_DAY,He says the best choice after the strange news session is not to trade further.
d19a43da80ae0e3ab4207a73a35f317120d37c84,ldrw26fGZOE,2026-08-06,1:07-2:14,UNKNOWN,XAUUSD,ldrw26fGZOE-PB3-001,BADAR,medium,NY,UNKNOWN,UNKNOWN,NONE,BEAR,UNKNOWN,BEAR,ALIGNED,NONE,NOT_YET,YES,NY_OPEN_GAP|TRAP_AREA,PREMIUM,TRAP,UNCLEAR,UNCLEAR,INVERSE_CLOSE,M15,STRONG,YES,NO,NO,YES,CONFIRMATION_CANDLE,Very small stop above wick.,UNCLEAR,MARKET_CLOSE,NORMAL,,TRADE_SHORT,TRADE_NY_TRAP_INVERSE,At the NY open a trap/inverse close under a small gap triggers a short toward the daily low.
d19a43da80ae0e3ab4207a73a35f317120d37c84,ldrw26fGZOE,2026-08-06,10:11-11:12,UNKNOWN,XAUUSD,ldrw26fGZOE-PB3-002,BADAR,medium,NY,UNKNOWN,UNKNOWN,NONE,BEAR,UNKNOWN,BEAR,COUNTERTREND,NONE,NOT_YET,NO,OTHER,UNKNOWN,NONE,UNCLEAR,UNCLEAR,NONE,UNKNOWN,NOT_YET,UNCLEAR,NO,YES,UNCLEAR,UNKNOWN,,UNCLEAR,NONE,SKIP,,NO_TRADE,NO_TRADE_FOMO,After the large short move he says not to mourn the missed continuation and not to buy until price reaches a valid area.
d19a43da80ae0e3ab4207a73a35f317120d37c84,ldrw26fGZOE,2026-08-06,13:17-16:01,UNKNOWN,XAUUSD,ldrw26fGZOE-PB3-003,BADAR,medium,NY,UNKNOWN,UNKNOWN,NONE,BEAR,UNKNOWN,BEAR,ALIGNED,NONE,NOT_YET,APPROACHING,OTHER,UNKNOWN,RETRACE_TO_POI,UNCLEAR,UNCLEAR,NONE,UNKNOWN,NOT_YET,UNCLEAR,NO,NO,UNCLEAR,UNKNOWN,,UNCLEAR,NONE,UNKNOWN,,WAIT,WAIT_RETRACE,He refuses an immediate re-sell because RR has deteriorated and wants a retracement first.
d19a43da80ae0e3ab4207a73a35f317120d37c84,ldrw26fGZOE,2026-08-06,13:17-16:01,UNKNOWN,XAUUSD,ldrw26fGZOE-PB3-004,BADAR,medium,NY,UNKNOWN,UNKNOWN,NONE,BEAR,UNKNOWN,BEAR,COUNTERTREND,NONE,NOT_YET,NO,OTHER,UNKNOWN,NONE,UNCLEAR,UNCLEAR,NONE,UNKNOWN,NOT_YET,UNCLEAR,NO,NO,UNCLEAR,UNKNOWN,,UNCLEAR,NONE,SKIP,,NO_TRADE,NO_TRADE_NO_BUY_EVIDENCE,He says there is no evidence to buy yet and would only consider it after another sweep/candle.
d19a43da80ae0e3ab4207a73a35f317120d37c84,ldrw26fGZOE,2026-08-06,18:07,UNKNOWN,XAUUSD,ldrw26fGZOE-PB3-005,BADAR,medium,NY,UNKNOWN,UNKNOWN,NONE,BEAR,UNKNOWN,BEAR,ALIGNED,NONE,NOT_YET,YES,M1_FVG|HIDDEN_OB,UNKNOWN,CONTINUATION_RETEST,UNCLEAR,UNCLEAR,OB_RETRACE,M1,ADEQUATE,UNCLEAR,NO,NO,YES,ZONE,,UNCLEAR,MARKET_CLOSE,REDUCED,AFTER_WIN,TRADE_SHORT,TRADE_REDUCED_CONTINUATION,After the large first win he takes a continuation re-sell from the hidden OB/FVG at half risk.
d19a43da80ae0e3ab4207a73a35f317120d37c84,ldrw26fGZOE,2026-08-06,20:51-22:37,UNKNOWN,XAUUSD,ldrw26fGZOE-PB3-006,BADAR,medium,NY,UNKNOWN,UNKNOWN,NONE,MIXED,UNKNOWN,BULL,ALIGNED,NONE,NOT_YET,YES,M1_FVG|OB,BOTTOM,MSS,UNCLEAR,UNCLEAR,MSS|FVG_RETRACE,M1,STRONG,YES,NO,NO,YES,SWEEP_EXTREME,,UNCLEAR,MARKET_CLOSE,REDUCED,AFTER_WIN,TRADE_LONG,TRADE_MSS_FVG_RETRACE,"After the lower structure shifts up, he buys the retrace into the newly created FVG/order block with reduced risk."
d19a43da80ae0e3ab4207a73a35f317120d37c84,ldrw26fGZOE,2026-08-06,28:40-29:42,UNKNOWN,XAUUSD,ldrw26fGZOE-PB3-007,BADAR,medium,NY,UNKNOWN,UNKNOWN,CHOP,UNKNOWN,UNKNOWN,UNKNOWN,UNKNOWN,NONE,NOT_YET,YES,OTHER,UNKNOWN,NONE,UNCLEAR,UNCLEAR,NONE,UNKNOWN,NOT_YET,UNCLEAR,NO,NO,UNCLEAR,UNKNOWN,,UNCLEAR,NONE,SKIP,,NO_TRADE,NO_TRADE_FOMO_CONFUSED,He says the market is confused with no confirmation and warns that entering here is FOMO.
d19a43da80ae0e3ab4207a73a35f317120d37c84,ldrw26fGZOE,2026-08-06,30:46-32:00,UNKNOWN,XAUUSD,ldrw26fGZOE-PB3-008,BADAR,medium,NY,UNKNOWN,UNKNOWN,NONE,UNKNOWN,UNKNOWN,UNKNOWN,UNKNOWN,NONE,NOT_YET,YES,HIDDEN_OB,UNKNOWN,NONE,UNCLEAR,UNCLEAR,NONE,UNKNOWN,NOT_YET,UNCLEAR,NO,NO,UNCLEAR,UNKNOWN,,UNCLEAR,NONE,SKIP,,NO_TRADE,NO_TRADE_RETAIL_OB_TRAP,He rejects a hidden-order-block buy area as a retail trap and says it is not a strong buy location.
d19a43da80ae0e3ab4207a73a35f317120d37c84,ldrw26fGZOE,2026-08-06,36:20,UNKNOWN,XAUUSD,ldrw26fGZOE-PB3-009,BADAR,medium,NY,UNKNOWN,UNKNOWN,NONE,UNKNOWN,UNKNOWN,BULL,ALIGNED,NONE,NOT_YET,YES,BROKEN_OB|M1_RANGE,UNKNOWN,BREAKOUT,UNCLEAR,UNCLEAR,MOMENTUM_CLOSE,M1,STRONG,YES,NO,NO,YES,RANGE_LOW,,UNCLEAR,MARKET_CLOSE,REDUCED,HALF_RISK,TRADE_LONG,TRADE_RANGE_BREAK_MOMENTUM,The prior sell order block is invalidated and a momentum breakout of the M1 range leads to a small half-risk 1:1 long.
d19a43da80ae0e3ab4207a73a35f317120d37c84,ldrw26fGZOE,2026-08-06,42:28,UNKNOWN,XAUUSD,ldrw26fGZOE-PB3-010,BADAR,medium,NY,UNKNOWN,UNKNOWN,NONE,UNKNOWN,UNKNOWN,BULL,ALIGNED,NONE,NOT_YET,YES,BUY_FVG,UNKNOWN,NONE,UNCLEAR,UNCLEAR,NONE,UNKNOWN,NOT_YET,UNCLEAR,NO,NO,YES,UNKNOWN,Stop considered too large for the setup.,UNCLEAR,NONE,SKIP,LARGE_STOP,NO_TRADE,NO_TRADE_BIG_STOP,Another buy gap forms but he skips it because the required stop is too large relative to the target.
d19a43da80ae0e3ab4207a73a35f317120d37c84,gfP4EW1IfVE,2026-08-06,6:09,UNKNOWN,XAUUSD,gfP4EW1IfVE-PB4-001,BADAR,medium,LONDON,UNKNOWN,UNKNOWN,LOW_VOLUME,UNKNOWN,UNKNOWN,UNKNOWN,UNKNOWN,NONE,NOT_YET,NO,OTHER,MIDDLE,NONE,UNCLEAR,UNCLEAR,NONE,UNKNOWN,NOT_YET,UNCLEAR,NO,NO,UNCLEAR,UNKNOWN,,UNCLEAR,NONE,UNKNOWN,,WAIT,WAIT_LOW_VOLUME_LOCATION,"He says there is no place to trade on M1 and volume is very low, so he waits."
d19a43da80ae0e3ab4207a73a35f317120d37c84,gfP4EW1IfVE,2026-08-06,9:11-11:16,UNKNOWN,XAUUSD,gfP4EW1IfVE-PB4-002,BADAR,medium,LONDON,UNKNOWN,UNKNOWN,NONE,UNKNOWN,UNKNOWN,UNKNOWN,UNKNOWN,M15,NOT_YET,YES,SWING_HIGH|M15_OB,TOP,SWEEP,UNCLEAR,UNCLEAR,MOMENTUM_CLOSE,M15,NOT_YET,UNCLEAR,NO,NO,UNCLEAR,UNKNOWN,,UNCLEAR,NONE,UNKNOWN,,WAIT,WAIT_HTF_CLOSE,The high has been swept but structure has not broken down; he waits for the M15 close instead of shorting.
d19a43da80ae0e3ab4207a73a35f317120d37c84,gfP4EW1IfVE,2026-08-06,9:11-11:16,UNKNOWN,XAUUSD,gfP4EW1IfVE-PB4-003,BADAR,medium,LONDON,UNKNOWN,UNKNOWN,NONE,UNKNOWN,UNKNOWN,UNKNOWN,UNKNOWN,NONE,NOT_YET,NO,OTHER,BOTTOM,NONE,UNCLEAR,UNCLEAR,NONE,UNKNOWN,NOT_YET,UNCLEAR,NO,NO,UNCLEAR,UNKNOWN,,UNCLEAR,NONE,SKIP,,NO_TRADE,NO_TRADE_NO_BUY_LOCATION,"At the same time he says he does not understand how to buy from below, so neither side is valid yet."
d19a43da80ae0e3ab4207a73a35f317120d37c84,gfP4EW1IfVE,2026-08-06,18:25,UNKNOWN,XAUUSD,gfP4EW1IfVE-PB4-004,BADAR,medium,LONDON,UNKNOWN,UNKNOWN,NONE,UNKNOWN,UNKNOWN,UNKNOWN,UNKNOWN,NONE,NOT_YET,YES,M15_OB|FVG,PREMIUM,SWEEP,UNCLEAR,UNCLEAR,INVERSE_CLOSE,M15/M1,ADEQUATE,YES,NO,NO,YES,ZONE,Small stop; setup itself described as not high probability.,UNCLEAR,MARKET_CLOSE,REDUCED,LOW_PROBABILITY,TRADE_SHORT,TRADE_REDUCED_OB_FVG_REVERSAL,"After the M15 high sweep and close, he sells from the OB/FVG with a small stop despite calling it lower probability."
d19a43da80ae0e3ab4207a73a35f317120d37c84,gfP4EW1IfVE,2026-08-06,24:00,UNKNOWN,XAUUSD,gfP4EW1IfVE-PB4-005,BADAR,medium,LONDON,UNKNOWN,UNKNOWN,NONE,UNKNOWN,UNKNOWN,UNKNOWN,UNKNOWN,M15,NOT_YET,YES,OTHER,UNKNOWN,NONE,UNCLEAR,UNCLEAR,NONE,UNKNOWN,NOT_YET,UNCLEAR,NO,NO,UNCLEAR,UNKNOWN,,UNCLEAR,NONE,UNKNOWN,,WAIT,WAIT_NEXT_M15_CLOSE,After the first trade he says no new trade until the next M15 close.
d19a43da80ae0e3ab4207a73a35f317120d37c84,gfP4EW1IfVE,2026-08-06,29:53,UNKNOWN,XAUUSD,gfP4EW1IfVE-PB4-006,BADAR,medium,LONDON,UNKNOWN,UNKNOWN,NONE,UNKNOWN,UNKNOWN,UNKNOWN,UNKNOWN,NONE,NOT_YET,YES,M15_TRAP_AREA,PREMIUM,TRAP,UNCLEAR,UNCLEAR,INVERSE_CLOSE|MOMENTUM_CLOSE,M15/M1,STRONG,YES,NO,NO,YES,CONFIRMATION_CANDLE,~15 pips.,UNCLEAR,MARKET_CLOSE,NORMAL,,TRADE_SHORT,TRADE_BULL_TRAP_MOMENTUM,A reverse M15 close creates a bull trap and the second M1 bearish momentum sign triggers the short.
d19a43da80ae0e3ab4207a73a35f317120d37c84,gfP4EW1IfVE,2026-08-06,43:23-45:33,UNKNOWN,XAUUSD,gfP4EW1IfVE-PB4-007,BADAR,medium,LONDON,UNKNOWN,UNKNOWN,NONE,UNKNOWN,UNKNOWN,UNKNOWN,UNKNOWN,NONE,NOT_YET,APPROACHING,FVG,UNKNOWN,RETRACE_TO_POI,UNCLEAR,UNCLEAR,NONE,UNKNOWN,NOT_YET,UNCLEAR,NO,NO,UNCLEAR,UNKNOWN,,UNCLEAR,NONE,UNKNOWN,,WAIT,WAIT_RETRACE,He waits for a pullback into the gap before considering another short; no trigger arrives.
d19a43da80ae0e3ab4207a73a35f317120d37c84,OCBsHuFhjUQ,2026-08-05,0:54-1:56,UNKNOWN,XAUUSD,OCBsHuFhjUQ-PB4-001,BADAR,medium,NY,UNKNOWN,POST_NEWS,POST_ADP,UNKNOWN,UNKNOWN,UNKNOWN,UNKNOWN,NONE,NOT_YET,YES,SESSION_HIGH|HIDDEN_OB,TOP,SWEEP,YES,UNCLEAR,CLOSE_BACK_INSIDE,M1,ADEQUATE,YES,NO,NO,YES,SWEEP_EXTREME,10-15 pips above sweep.,UNCLEAR,MARKET_CLOSE,NORMAL,,TRADE_SHORT,TRADE_POST_NEWS_HIGH_SWEEP,"He sells after the post-ADP high sweep and close back, entering from a hidden order block."
d19a43da80ae0e3ab4207a73a35f317120d37c84,OCBsHuFhjUQ,2026-08-05,4:35-5:37,UNKNOWN,XAUUSD,OCBsHuFhjUQ-PB4-002,BADAR,medium,NY,UNKNOWN,POST_NEWS,POST_ADP,UNKNOWN,UNKNOWN,UNKNOWN,UNKNOWN,NONE,NOT_YET,YES,SESSION_HIGH|FVG,TOP,SECOND_SWEEP,YES,UNCLEAR,REJECTION,M1/M5,STRONG,YES,YES,NO,YES,SWEEP_EXTREME,,UNCLEAR,MARKET_CLOSE,NORMAL,,TRADE_SHORT,TRADE_REENTRY_SECOND_SWEEP,"After a second sweep/rejection at the same high and a closed M5 candle, he re-enters short."
d19a43da80ae0e3ab4207a73a35f317120d37c84,OCBsHuFhjUQ,2026-08-05,13:41,UNKNOWN,XAUUSD,OCBsHuFhjUQ-PB4-003,BADAR,medium,NY,UNKNOWN,UNKNOWN,NONE,UNKNOWN,UNKNOWN,UNKNOWN,UNKNOWN,NONE,NOT_YET,YES,OTHER,UNKNOWN,NONE,UNCLEAR,UNCLEAR,MSS,M1,FAILED,UNCLEAR,NO,NO,UNCLEAR,UNKNOWN,,UNCLEAR,NONE,SKIP,,NO_TRADE,NO_TRADE_NO_MSS,He says not to plan another sell because no momentum shift or fresh sweep has occurred.
d19a43da80ae0e3ab4207a73a35f317120d37c84,OCBsHuFhjUQ,2026-08-05,14:44-16:00,UNKNOWN,XAUUSD,OCBsHuFhjUQ-PB4-004,BADAR,medium,NY,UNKNOWN,UNKNOWN,NONE,UNKNOWN,UNKNOWN,UNKNOWN,UNKNOWN,NONE,NOT_YET,YES,OTHER,BOTTOM,NONE,UNCLEAR,UNCLEAR,MOMENTUM_CLOSE,M1/M5,STRONG,UNCLEAR,NO,NO,UNCLEAR,UNKNOWN,,UNCLEAR,NONE,SKIP,,NO_TRADE,NO_TRADE_DISCIPLINE_DESPITE_CONFIRM,"He sees a strong wickless buy confirmation that could work but deliberately does not take it, citing discipline."
d19a43da80ae0e3ab4207a73a35f317120d37c84,OCBsHuFhjUQ,2026-08-05,19:00-22:01,UNKNOWN,XAUUSD,OCBsHuFhjUQ-PB4-005,BADAR,medium,NY,UNKNOWN,UNKNOWN,NONE,UNKNOWN,UNKNOWN,UNKNOWN,UNKNOWN,NONE,NOT_YET,YES,OB,PREMIUM,NONE,UNCLEAR,UNCLEAR,REJECTION,M3,NOT_YET,UNCLEAR,NO,NO,UNCLEAR,UNKNOWN,,UNCLEAR,NONE,REDUCED,LARGE_STOP,WAIT,WAIT_BETTER_RISK,He sees a sell rejection at the grey OB but does not enter because the area above still creates risk.
d19a43da80ae0e3ab4207a73a35f317120d37c84,OCBsHuFhjUQ,2026-08-05,26:20,UNKNOWN,XAUUSD,OCBsHuFhjUQ-PB4-006,BADAR,medium,NY,UNKNOWN,UNKNOWN,NONE,BULL,UNKNOWN,BULL,ALIGNED,NONE,NOT_YET,YES,BROKEN_LEVEL|CONTINUATION,UNKNOWN,CONTINUATION_RETEST,UNCLEAR,UNCLEAR,MOMENTUM_CLOSE,M1,ADEQUATE,YES,NO,NO,YES,ZONE,,UNCLEAR,MARKET_CLOSE,REDUCED,FAST_MARKET|LOW_RR,TRADE_LONG,TRADE_REDUCED_CONTINUATION,A one-minute continuation above the reclaimed levels triggers a half-risk 1:1 long because the market is fast and RR is lower.
d19a43da80ae0e3ab4207a73a35f317120d37c84,OCBsHuFhjUQ,2026-08-05,30:37,UNKNOWN,XAUUSD,OCBsHuFhjUQ-PB4-007,BADAR,medium,NY,UNKNOWN,UNKNOWN,NONE,UNKNOWN,UNKNOWN,UNKNOWN,UNKNOWN,NONE,NOT_YET,APPROACHING,UPPER_SUPPLY,TOP,NONE,UNCLEAR,UNCLEAR,NONE,UNKNOWN,NOT_YET,UNCLEAR,NO,NO,UNCLEAR,UNKNOWN,,UNCLEAR,NONE,UNKNOWN,,WAIT,WAIT_HIGHER_SELL_AREA,He refuses the current sell and wants the higher 4202-4204 zone where the risk/reward is better.
d19a43da80ae0e3ab4207a73a35f317120d37c84,OCBsHuFhjUQ,2026-08-05,33:32,UNKNOWN,XAUUSD,OCBsHuFhjUQ-PB4-008,BADAR,medium,NY,UNKNOWN,UNKNOWN,CONFUSED_MARKET,UNKNOWN,UNKNOWN,UNKNOWN,UNKNOWN,NONE,NOT_YET,NO,OTHER,UNKNOWN,NONE,UNCLEAR,UNCLEAR,NONE,UNKNOWN,NOT_YET,UNCLEAR,NO,NO,UNCLEAR,UNKNOWN,,UNCLEAR,NONE,SKIP,,NO_TRADE,NO_TRADE_CONFUSED,He says there is no trade and checks 15m/10m because he is confused.
d19a43da80ae0e3ab4207a73a35f317120d37c84,OCBsHuFhjUQ,2026-08-05,40:01,UNKNOWN,XAUUSD,OCBsHuFhjUQ-PB4-009,BADAR,medium,NY,UNKNOWN,UNKNOWN,NONE,UNKNOWN,UNKNOWN,UNKNOWN,UNKNOWN,NONE,NOT_YET,YES,OTHER,UNKNOWN,NONE,UNCLEAR,UNCLEAR,NONE,UNKNOWN,NOT_YET,UNCLEAR,NO,NO,YES,UNKNOWN,Required stop exceeds his acceptable scalp range.,UNCLEAR,NONE,SKIP,LARGE_STOP,NO_TRADE,NO_TRADE_BIG_STOP,He says he cannot trade the setup because the required stop is too large.
d19a43da80ae0e3ab4207a73a35f317120d37c84,OCBsHuFhjUQ,2026-08-05,44:32,UNKNOWN,XAUUSD,OCBsHuFhjUQ-PB4-010,BADAR,low,NY,UNKNOWN,UNKNOWN,NONE,UNKNOWN,UNKNOWN,UNKNOWN,UNKNOWN,NONE,NOT_YET,YES,RANGE_CANDLE,UNKNOWN,FAKE_BREAK,UNCLEAR,UNCLEAR,CLOSE_BACK_INSIDE,M1,ADEQUATE,YES,NO,NO,YES,CONFIRMATION_CANDLE,,UNCLEAR,MARKET_CLOSE,REDUCED,TEST_POSITION,TRADE_SHORT,TRADE_TEST_CRT,"He tests a candle-range theory short after price closes back inside the range, explicitly calling it a test."
d19a43da80ae0e3ab4207a73a35f317120d37c84,OCBsHuFhjUQ,2026-08-05,48:39-53:38,UNKNOWN,XAUUSD,OCBsHuFhjUQ-PB4-011,BADAR,medium,NY,UNKNOWN,UNKNOWN,NONE,UNKNOWN,UNKNOWN,UNKNOWN,UNKNOWN,H1/M30/M15/M5,NOT_YET,APPROACHING,OTHER,TOP,NONE,UNCLEAR,UNCLEAR,MOMENTUM_CLOSE,M5,NOT_YET,UNCLEAR,NO,NO,UNCLEAR,UNKNOWN,,UNCLEAR,NONE,UNKNOWN,,WAIT,WAIT_MULTI_TF_CLOSES,He waits through H1/M30/M15/M5 closes and removes the order when the final close does not justify the risk.
d19a43da80ae0e3ab4207a73a35f317120d37c84,OCBsHuFhjUQ,2026-08-05,55:15,UNKNOWN,XAUUSD,OCBsHuFhjUQ-PB4-012,BADAR,medium,NY,UNKNOWN,POST_NEWS,ISM,UNKNOWN,UNKNOWN,UNKNOWN,UNKNOWN,NONE,NOT_YET,YES,NEWS_SPIKE_HIGH,TOP,REJECTION,UNCLEAR,UNCLEAR,REJECTION,M1,ADEQUATE,UNCLEAR,NO,NO,YES,SWEEP_EXTREME,,UNCLEAR,MARKET_CLOSE,REDUCED,NEWS|HALF_RISK,TRADE_SHORT,TRADE_REDUCED_NEWS_FADE,Just after ISM he fades the fast move from the upper line with half risk and stop above the spike.
d19a43da80ae0e3ab4207a73a35f317120d37c84,KsWpzeJhAVk,2026-08-05,1:14-4:51,UNKNOWN,XAUUSD,KsWpzeJhAVk-PB4-001,BADAR,medium,LONDON,UNKNOWN,UNKNOWN,NONE,UNKNOWN,UNKNOWN,BULL,COUNTERTREND,NONE,NOT_YET,YES,ASIAN_HIGH|SUPPLY_DEMAND,TOP,SWEEP,UNCLEAR,UNCLEAR,NONE,UNKNOWN,NOT_YET,UNCLEAR,NO,NO,UNCLEAR,UNKNOWN,,UNCLEAR,NONE,UNKNOWN,,WAIT,WAIT_CONFIRMATION_AFTER_LONDON_SWEEP,"London sweeps the Asian high, but he refuses a direct sell because the stop cannot yet be confirmed."
d19a43da80ae0e3ab4207a73a35f317120d37c84,KsWpzeJhAVk,2026-08-05,8:34,UNKNOWN,XAUUSD,KsWpzeJhAVk-PB4-002,BADAR,medium,LONDON,UNKNOWN,UNKNOWN,NONE,UNKNOWN,UNKNOWN,BULL,ALIGNED,NONE,NOT_YET,YES,OTHER,BOTTOM,NONE,UNCLEAR,UNCLEAR,NONE,UNKNOWN,NOT_YET,UNCLEAR,NO,NO,UNCLEAR,UNKNOWN,,UNCLEAR,NONE,SKIP,,NO_TRADE,NO_TRADE_BLIND_LOW_BUY,He explicitly says not to buy the low directly and emphasizes patience.
d19a43da80ae0e3ab4207a73a35f317120d37c84,KsWpzeJhAVk,2026-08-05,10:45,UNKNOWN,XAUUSD,KsWpzeJhAVk-PB4-003,BADAR,medium,LONDON,UNKNOWN,UNKNOWN,NONE,UNKNOWN,UNKNOWN,BULL,ALIGNED,NONE,NOT_YET,YES,DEMAND,UNKNOWN,NONE,UNCLEAR,UNCLEAR,NONE,UNKNOWN,NOT_YET,UNCLEAR,NO,NO,YES,UNKNOWN,40-65 pip stop considered too large.,UNCLEAR,NONE,SKIP,LARGE_STOP,NO_TRADE,NO_TRADE_BIG_STOP,A demand-zone buy is rejected because the structural stop would be too large.
d19a43da80ae0e3ab4207a73a35f317120d37c84,KsWpzeJhAVk,2026-08-05,13:17-14:20,UNKNOWN,XAUUSD,KsWpzeJhAVk-PB4-004,BADAR,medium,LONDON,UNKNOWN,UNKNOWN,NONE,UNKNOWN,UNKNOWN,UNKNOWN,UNKNOWN,NONE,NOT_YET,YES,OTHER,UNKNOWN,REPEATED_TEST,UNCLEAR,UNCLEAR,MOMENTUM_CLOSE,M1,NOT_YET,UNCLEAR,NO,NO,UNCLEAR,UNKNOWN,,UNCLEAR,NONE,UNKNOWN,,WAIT,WAIT_CONFIRMATION,After repeated tests he refuses entry without a fresh confirmation.
d19a43da80ae0e3ab4207a73a35f317120d37c84,KsWpzeJhAVk,2026-08-05,14:20-17:06,UNKNOWN,XAUUSD,KsWpzeJhAVk-PB4-005,BADAR,medium,LONDON,UNKNOWN,UNKNOWN,NONE,UNKNOWN,UNKNOWN,UNKNOWN,UNKNOWN,NONE,NOT_YET,YES,OTHER,UNKNOWN,NONE,UNCLEAR,UNCLEAR,MOMENTUM_CLOSE,M1,STRONG,UNCLEAR,NO,YES,UNCLEAR,UNKNOWN,,UNCLEAR,NONE,SKIP,,NO_TRADE,NO_TRADE_LATE_ENTRY,"A good one-minute close appears at demand, but the entry is missed and he refuses to chase it after it moves."
d19a43da80ae0e3ab4207a73a35f317120d37c84,KsWpzeJhAVk,2026-08-05,18:55,UNKNOWN,XAUUSD,KsWpzeJhAVk-PB4-006,BADAR,medium,LONDON,UNKNOWN,UNKNOWN,NONE,UNKNOWN,UNKNOWN,BULL,UNKNOWN,NONE,NOT_YET,YES,OTHER,UNKNOWN,NONE,UNCLEAR,UNCLEAR,MOMENTUM_CLOSE,M15,FAILED,UNCLEAR,NO,NO,UNCLEAR,UNKNOWN,,UNCLEAR,NONE,SKIP,,NO_TRADE,NO_TRADE_HTF_CLOSE_CONFLICT,A strong M15 bearish close invalidates the earlier buy idea.
d19a43da80ae0e3ab4207a73a35f317120d37c84,KsWpzeJhAVk,2026-08-05,20:07-25:16,UNKNOWN,XAUUSD,KsWpzeJhAVk-PB4-007,BADAR,medium,LONDON,UNKNOWN,UNKNOWN,NONE,UNKNOWN,UNKNOWN,UNKNOWN,UNKNOWN,NONE,NOT_YET,APPROACHING,FIB_PREMIUM|FVG,PREMIUM,RETRACE_TO_POI,UNCLEAR,UNCLEAR,NONE,UNKNOWN,NOT_YET,UNCLEAR,NO,NO,UNCLEAR,UNKNOWN,,UNCLEAR,NONE,UNKNOWN,,WAIT,WAIT_PROPER_SELL_AREA,He wants a higher sell from the 0.5-0.618/FVG area but price does not retrace enough.
d19a43da80ae0e3ab4207a73a35f317120d37c84,KsWpzeJhAVk,2026-08-05,25:16,UNKNOWN,XAUUSD,KsWpzeJhAVk-PB4-008,BADAR,medium,LONDON,UNKNOWN,UNKNOWN,NONE,UNKNOWN,UNKNOWN,BULL,COUNTERTREND,NONE,NOT_YET,YES,ASIAN_HIGH|HIDDEN_OB|FVG,PREMIUM,SWEEP,YES,YES,MOMENTUM_CLOSE,M15/M1,STRONG,YES,NO,NO,YES,ZONE,,UNCLEAR,MARKET_CLOSE,REDUCED,COUNTERTREND,TRADE_SHORT,TRADE_REDUCED_LONDON_SWEEP_CONFIRM,"After the Asian-high sweep, strong M15 bearish close and hidden-OB/FVG confirmation, he sells countertrend."
d19a43da80ae0e3ab4207a73a35f317120d37c84,KsWpzeJhAVk,2026-08-05,51:52-52:55,UNKNOWN,XAUUSD,KsWpzeJhAVk-PB4-009,BADAR,medium,LONDON,UNKNOWN,UNKNOWN,NONE,UNKNOWN,UNKNOWN,BULL,COUNTERTREND,NONE,NOT_YET,YES,SUPPLY_DEMAND|OB,PREMIUM,REJECTION,UNCLEAR,UNCLEAR,MOMENTUM_CLOSE,M1,STRONG,YES,NO,NO,YES,CONFIRMATION_CANDLE,,UNCLEAR,MARKET_CLOSE,REDUCED,RISKING_BOOKED_PROFIT,TRADE_SHORT,TRADE_REDUCED_WICKLESS_REJECTION,A wickless bearish one-minute close rejects supply; he takes a second short using only booked profit risk.
d19a43da80ae0e3ab4207a73a35f317120d37c84,EVm0u9Csglk,2026-08-04,1:25,UNKNOWN,XAUUSD,EVm0u9Csglk-PB4-001,BADAR,medium,NY,UNKNOWN,POST_NEWS,POST_JOLTS,UNKNOWN,UNKNOWN,UNKNOWN,UNKNOWN,NONE,NOT_YET,YES,OTHER,UNKNOWN,NONE,UNCLEAR,UNCLEAR,NONE,UNKNOWN,NOT_YET,UNCLEAR,NO,YES,UNCLEAR,UNKNOWN,,UNCLEAR,NONE,SKIP,,NO_TRADE,NO_TRADE_MISSED_NEWS_MOVE,"His pre-marked buy area worked during JOLTS, but he was not live and does not chase the 300-pip rally."
d19a43da80ae0e3ab4207a73a35f317120d37c84,EVm0u9Csglk,2026-08-04,2:25-3:28,UNKNOWN,XAUUSD,EVm0u9Csglk-PB4-002,BADAR,medium,NY,UNKNOWN,UNKNOWN,POST_JOLTS,UNKNOWN,UNKNOWN,UNKNOWN,UNKNOWN,H1,NOT_YET,APPROACHING,H1_HIGH_LIQUIDITY|HIDDEN_OB,UNKNOWN,NONE,UNCLEAR,UNCLEAR,NONE,UNKNOWN,NOT_YET,UNCLEAR,NO,NO,UNCLEAR,UNKNOWN,,UNCLEAR,NONE,UNKNOWN,,WAIT,WAIT_H1_CLOSE_LOCATION,"He maps a sell at higher liquidity and a buy lower at a hidden OB, waiting for the H1 close before either."
d19a43da80ae0e3ab4207a73a35f317120d37c84,EVm0u9Csglk,2026-08-04,15:03-19:35,UNKNOWN,XAUUSD,EVm0u9Csglk-PB4-003,BADAR,medium,NY,UNKNOWN,UNKNOWN,POST_JOLTS,UNKNOWN,UNKNOWN,UNKNOWN,UNKNOWN,NONE,NOT_YET,YES,SUPPLY_DEMAND|FVG,PREMIUM,RETRACE_TO_POI,UNCLEAR,UNCLEAR,MSS,M1/M5,ADEQUATE,UNCLEAR,NO,YES,UNCLEAR,UNKNOWN,,UNCLEAR,NONE,UNKNOWN,,WAIT,WAIT_HIGHER_FILL,A planned sell limit at the upper supply is missed; even after a 5m sell confirmation he waits for a higher fill instead of chasing.
d19a43da80ae0e3ab4207a73a35f317120d37c84,EVm0u9Csglk,2026-08-04,24:01-25:05,UNKNOWN,XAUUSD,EVm0u9Csglk-PB4-004,BADAR,medium,NY,UNKNOWN,UNKNOWN,POST_JOLTS,UNKNOWN,UNKNOWN,UNKNOWN,UNKNOWN,NONE,NOT_YET,YES,OTHER,BOTTOM,REPEATED_TEST,UNCLEAR,UNCLEAR,MSS,M3,WEAK,UNCLEAR,NO,NO,UNCLEAR,UNKNOWN,,UNCLEAR,NONE,UNKNOWN,,WAIT,WAIT_CLEARER_STRUCTURE,"A possible buy has repeated tests and a lower momentum shift, but he does not take it because price keeps oscillating."
d19a43da80ae0e3ab4207a73a35f317120d37c84,EVm0u9Csglk,2026-08-04,27:22,UNKNOWN,XAUUSD,EVm0u9Csglk-PB4-005,BADAR,medium,NY,UNKNOWN,UNKNOWN,HIGH_VOLATILITY,UNKNOWN,UNKNOWN,UNKNOWN,UNKNOWN,NONE,NOT_YET,YES,OTHER,UNKNOWN,NONE,UNCLEAR,UNCLEAR,NONE,UNKNOWN,NOT_YET,UNCLEAR,NO,NO,UNCLEAR,UNKNOWN,,UNCLEAR,NONE,SKIP,,NO_TRADE,NO_TRADE_VOLATILITY_SPIKE,A 100-pip two-minute move leads him to stand aside.
d19a43da80ae0e3ab4207a73a35f317120d37c84,EVm0u9Csglk,2026-08-04,34:43,UNKNOWN,XAUUSD,EVm0u9Csglk-PB4-006,BADAR,medium,NY,UNKNOWN,UNKNOWN,NONE,UNKNOWN,UNKNOWN,UNKNOWN,UNKNOWN,NONE,NOT_YET,APPROACHING,HIDDEN_OB,UNKNOWN,SWEEP,UNCLEAR,UNCLEAR,REJECTION,M2,NOT_YET,UNCLEAR,NO,NO,UNCLEAR,UNKNOWN,,UNCLEAR,NONE,UNKNOWN,,WAIT,WAIT_SWEEP_REJECTION,He waits for a lower sweep into the hidden order block plus a two-minute rejection before acting.
d19a43da80ae0e3ab4207a73a35f317120d37c84,EVm0u9Csglk,2026-08-04,36:52-37:56,UNKNOWN,XAUUSD,EVm0u9Csglk-PB4-007,BADAR,medium,NY,UNKNOWN,UNKNOWN,NONE,UNKNOWN,UNKNOWN,UNKNOWN,UNKNOWN,NONE,NOT_YET,YES,M1_SUPPLY|FVG,PREMIUM,TWO_REJECTIONS,UNCLEAR,UNCLEAR,TWO_CANDLE_REJECTION,M1/M2,STRONG,YES,NO,NO,YES,ZONE,~14-15 pips.,UNCLEAR,MARKET_CLOSE,NORMAL,,TRADE_SHORT,TRADE_TWO_CANDLE_REJECTION,Two lower-timeframe rejection candles at a small supply/FVG trigger a tight-stop short scalp.
d19a43da80ae0e3ab4207a73a35f317120d37c84,EVm0u9Csglk,2026-08-04,43:00-44:20,UNKNOWN,XAUUSD,EVm0u9Csglk-PB4-008,BADAR,medium,NY,UNKNOWN,UNKNOWN,NEWS_DISTURBED,UNKNOWN,UNKNOWN,UNKNOWN,UNKNOWN,NONE,NOT_YET,YES,SUPPLY_DEMAND|SWING_HIGH,TOP,TRAP|FAKE_BREAK,UNCLEAR,UNCLEAR,INVERSE_CLOSE,M1/M15,STRONG,YES,NO,NO,YES,SWEEP_EXTREME,,UNCLEAR,MARKET_CLOSE,REDUCED,NEWS,TRADE_SHORT,TRADE_REDUCED_TRAP_FADE,"A big green M1 trap candle spikes into supply/high liquidity and rejects on M1/M15, triggering the main short with reduced risk."
d19a43da80ae0e3ab4207a73a35f317120d37c84,EVm0u9Csglk,2026-08-04,55:09,UNKNOWN,XAUUSD,EVm0u9Csglk-PB4-009,BADAR,medium,NY,UNKNOWN,POST_NEWS,NEWS_DISTURBED,UNKNOWN,UNKNOWN,UNKNOWN,UNKNOWN,NONE,NOT_YET,YES,OTHER,UNKNOWN,NONE,UNCLEAR,UNCLEAR,NONE,UNKNOWN,NOT_YET,UNCLEAR,NO,NO,UNCLEAR,UNKNOWN,,UNCLEAR,NONE,SKIP,,NO_TRADE,NO_TRADE_STOP_FOR_DAY,"Once the planned trade is protected, he explicitly stops because the afternoon is news-driven."
d19a43da80ae0e3ab4207a73a35f317120d37c84,HwXIifB0P6o,2026-08-04,8:01,UNKNOWN,XAUUSD,HwXIifB0P6o-PB5-001,BADAR,medium,LONDON,UNKNOWN,UNKNOWN,NONE,UNKNOWN,UNKNOWN,UNKNOWN,UNKNOWN,NONE,NOT_YET,NO,OTHER,UNKNOWN,NONE,UNCLEAR,UNCLEAR,NONE,UNKNOWN,NOT_YET,UNCLEAR,NO,YES,UNCLEAR,UNKNOWN,,UNCLEAR,NONE,SKIP,,NO_TRADE,NO_TRADE_CHASE,The first drop has already gone about 40 pips without giving his setup; he says selling it there is not his strategy and does not chase.
d19a43da80ae0e3ab4207a73a35f317120d37c84,HwXIifB0P6o,2026-08-04,13:12,UNKNOWN,XAUUSD,HwXIifB0P6o-PB5-002,BADAR,medium,LONDON,UNKNOWN,UNKNOWN,NONE,UNKNOWN,UNKNOWN,UNKNOWN,UNKNOWN,NONE,NOT_YET,NO,OTHER,MIDDLE,NONE,UNCLEAR,UNCLEAR,NONE,UNKNOWN,NOT_YET,UNCLEAR,NO,NO,UNCLEAR,UNKNOWN,,UNCLEAR,NONE,SKIP,,NO_TRADE,NO_TRADE_TOO_MANY_AREAS_NO_CLEAR_POI,He says there are too many nearby areas and no single proper area from which to trade.
d19a43da80ae0e3ab4207a73a35f317120d37c84,HwXIifB0P6o,2026-08-04,14:19-15:23,UNKNOWN,XAUUSD,HwXIifB0P6o-PB5-003,BADAR,medium,LONDON,UNKNOWN,UNKNOWN,SLOW_CHOP,UNKNOWN,UNKNOWN,UNKNOWN,UNKNOWN,M5,NOT_YET,YES,OTHER,UNKNOWN,NONE,UNCLEAR,UNCLEAR,MOMENTUM_CLOSE,M5,NOT_YET,UNCLEAR,NO,NO,UNCLEAR,UNKNOWN,,UNCLEAR,NONE,UNKNOWN,,WAIT,WAIT_HTF_CLOSE,In a slow/choppy market he waits for the five-minute close because current price is not understandable.
d19a43da80ae0e3ab4207a73a35f317120d37c84,HwXIifB0P6o,2026-08-04,19:53,UNKNOWN,XAUUSD,HwXIifB0P6o-PB5-004,BADAR,medium,LONDON,UNKNOWN,UNKNOWN,NONE,UNKNOWN,UNKNOWN,UNKNOWN,UNKNOWN,NONE,NOT_YET,APPROACHING,RANGE_HIGH|SUPPLY_DEMAND,TOP,SWEEP,UNCLEAR,UNCLEAR,MOMENTUM_CLOSE,M5,NOT_YET,UNCLEAR,NO,NO,UNCLEAR,UNKNOWN,,UNCLEAR,NONE,UNKNOWN,,WAIT,WAIT_SWEEP_CONFIRM,He wants the high swept and the five-minute close before taking the sell.
d19a43da80ae0e3ab4207a73a35f317120d37c84,HwXIifB0P6o,2026-08-04,20:56,UNKNOWN,XAUUSD,HwXIifB0P6o-PB5-005,BADAR,medium,LONDON,UNKNOWN,UNKNOWN,LOW_VOLUME|LOW_PROBABILITY,UNKNOWN,UNKNOWN,UNKNOWN,UNKNOWN,NONE,NOT_YET,YES,RANGE_HIGH|SUPPLY_DEMAND,TOP,SWEEP,YES,UNCLEAR,CLOSE_BACK_INSIDE,M1,ADEQUATE,YES,NO,NO,YES,SWEEP_EXTREME,Small ~12-20 pip stop.,UNCLEAR,MARKET_CLOSE,REDUCED,LOW_PROBABILITY|SLOW_MARKET,TRADE_SHORT,TRADE_REDUCED_LOW_PROBABILITY_SMALL_STOP,A wickless M1 close back under the swept high at resistance triggers a small low-probability short because the stop is tiny.
d19a43da80ae0e3ab4207a73a35f317120d37c84,HwXIifB0P6o,2026-08-04,28:29,UNKNOWN,XAUUSD,HwXIifB0P6o-PB5-006,BADAR,medium,LONDON,UNKNOWN,UNKNOWN,SLOW_CHOP,UNKNOWN,UNKNOWN,UNKNOWN,UNKNOWN,NONE,NOT_YET,YES,OTHER,UNKNOWN,NONE,UNCLEAR,UNCLEAR,MOMENTUM_CLOSE,M1,WEAK,UNCLEAR,NO,NO,UNCLEAR,UNKNOWN,,UNCLEAR,NONE,SKIP,,NO_TRADE,NO_TRADE_SINGLE_M1_SIGNAL,He ignores a lone one-minute buy candle and warns against flipping on such a small signal.
d19a43da80ae0e3ab4207a73a35f317120d37c84,HwXIifB0P6o,2026-08-04,29:31-30:31,UNKNOWN,XAUUSD,HwXIifB0P6o-PB5-007,BADAR,medium,LONDON,UNKNOWN,UNKNOWN,SLOW_CHOP,UNKNOWN,UNKNOWN,UNKNOWN,UNKNOWN,NONE,NOT_YET,YES,RANGE_HIGH,TOP,SWEEP,YES,UNCLEAR,DOUBLE_CONFIRMATION,M2/M3/M5,STRONG,YES,YES,NO,YES,SWEEP_EXTREME,~13-16 pips.,UNCLEAR,MARKET_CLOSE,NORMAL,,TRADE_SHORT,TRADE_SECOND_SWEEP_MULTI_TF_CONFIRM,"The range high is swept again and M2/M3/M5 confirmations align, so he takes a second short with another tight stop."
d19a43da80ae0e3ab4207a73a35f317120d37c84,HwXIifB0P6o,2026-08-04,47:03,UNKNOWN,XAUUSD,HwXIifB0P6o-PB5-008,BADAR,medium,LONDON,UNKNOWN,UNKNOWN,NONE,UNKNOWN,UNKNOWN,UNKNOWN,UNKNOWN,NONE,NOT_YET,APPROACHING,SUPPLY_DEMAND,UNKNOWN,NONE,UNCLEAR,UNCLEAR,NONE,UNKNOWN,NOT_YET,UNCLEAR,NO,NO,UNCLEAR,UNKNOWN,,UNCLEAR,NONE,UNKNOWN,,WAIT,WAIT_LOCATION_RETEST,He waits for price to return to the marked area before considering another trade.
d19a43da80ae0e3ab4207a73a35f317120d37c84,HOidQitTyAc,2026-08-03,3:04,UNKNOWN,XAUUSD,HOidQitTyAc-PB5-001,BADAR,medium,NY,UNKNOWN,UNKNOWN,ISM_DAY,UNKNOWN,UNKNOWN,UNKNOWN,UNKNOWN,NONE,NOT_YET,APPROACHING,FVG|OB,UNKNOWN,NONE,UNCLEAR,UNCLEAR,NONE,UNKNOWN,NOT_YET,UNCLEAR,NO,NO,UNCLEAR,UNKNOWN,,UNCLEAR,NONE,UNKNOWN,,WAIT,WAIT_RETRACE_TO_POI,He says the current extreme is not tradable and waits for the FVG/order-block retracement.
d19a43da80ae0e3ab4207a73a35f317120d37c84,HOidQitTyAc,2026-08-03,5:13-6:14,UNKNOWN,XAUUSD,HOidQitTyAc-PB5-002,BADAR,medium,NY,UNKNOWN,UNKNOWN,ISM_DAY|LOW_PROBABILITY,UNKNOWN,UNKNOWN,UNKNOWN,UNKNOWN,NONE,NOT_YET,YES,HIDDEN_OB|SWING_LOW,BOTTOM,SWEEP,YES,UNCLEAR,CLOSE_BACK_INSIDE,M1,ADEQUATE,YES,NO,NO,YES,SWEEP_EXTREME,~32 pips; structure break not strong.,UNCLEAR,MARKET_CLOSE,REDUCED,LOW_PROBABILITY|LARGE_STOP,TRADE_LONG,TRADE_REDUCED_SWEEP_CLOSE_BACK,A low sweep and good M1 close back at a hidden order block trigger a less-than-half-risk long because structure has not broken strongly.
d19a43da80ae0e3ab4207a73a35f317120d37c84,HOidQitTyAc,2026-08-03,14:45-15:45,UNKNOWN,XAUUSD,HOidQitTyAc-PB5-003,BADAR,medium,NY,UNKNOWN,UNKNOWN,ISM_DAY,UNKNOWN,UNKNOWN,UNKNOWN,UNKNOWN,NONE,NOT_YET,APPROACHING,LOWER_BUY_AREA,BOTTOM,NONE,UNCLEAR,UNCLEAR,MOMENTUM_CLOSE,M1,NOT_YET,UNCLEAR,NO,NO,UNCLEAR,UNKNOWN,,UNCLEAR,NONE,UNKNOWN,,WAIT,WAIT_LOWER_AREA,After the first trap he will not buy the fast bearish middle and waits for the lower marked area.
d19a43da80ae0e3ab4207a73a35f317120d37c84,HOidQitTyAc,2026-08-03,19:38,UNKNOWN,XAUUSD,HOidQitTyAc-PB5-004,BADAR,medium,NY,UNKNOWN,UNKNOWN,ISM_DAY,UNKNOWN,UNKNOWN,UNKNOWN,UNKNOWN,NONE,NOT_YET,NO,OTHER,MIDDLE,NONE,UNCLEAR,UNCLEAR,NONE,UNKNOWN,NOT_YET,UNCLEAR,NO,NO,UNCLEAR,UNKNOWN,,UNCLEAR,NONE,SKIP,,NO_TRADE,NO_TRADE_MIDDLE,He explicitly refuses buying current price and waits for the marked 4031 area.
d19a43da80ae0e3ab4207a73a35f317120d37c84,HOidQitTyAc,2026-08-03,24:00-30:03,UNKNOWN,XAUUSD,HOidQitTyAc-PB5-005,BADAR,medium,NY,UNKNOWN,UNKNOWN,ISM_DAY,UNKNOWN,UNKNOWN,UNKNOWN,UNKNOWN,M5,NOT_YET,APPROACHING,HIDDEN_OB|SELL_AREA|BUY_AREA,UNKNOWN,NONE,UNCLEAR,UNCLEAR,NONE,UNKNOWN,NOT_YET,UNCLEAR,NO,NO,UNCLEAR,UNKNOWN,,UNCLEAR,NONE,UNKNOWN,,WAIT,WAIT_MARKED_AREA_HTF_CLOSE,He keeps a two-sided plan only at marked areas and waits for the M5 close rather than trading between them.
d19a43da80ae0e3ab4207a73a35f317120d37c84,HOidQitTyAc,2026-08-03,31:05,UNKNOWN,XAUUSD,HOidQitTyAc-PB5-006,BADAR,medium,NY,UNKNOWN,UNKNOWN,ISM_DAY,UNKNOWN,UNKNOWN,BEAR,COUNTERTREND,NONE,NOT_YET,YES,M30_FVG|HIDDEN_OB,BOTTOM,RETRACE_TO_POI,UNCLEAR,UNCLEAR,MOMENTUM_CLOSE,M1,ADEQUATE,YES,NO,NO,YES,ZONE,~19 pips.,UNCLEAR,MARKET_CLOSE,REDUCED,COUNTERTREND,TRADE_LONG,TRADE_REDUCED_COUNTERTREND_POI,"At the 30m FVG/hidden OB he takes a small countertrend long because the stop is small, while explicitly noting the trend conflict."
d19a43da80ae0e3ab4207a73a35f317120d37c84,HOidQitTyAc,2026-08-03,43:19,UNKNOWN,XAUUSD,HOidQitTyAc-PB5-007,BADAR,medium,NY,UNKNOWN,UNKNOWN,ISM_DAY,UNKNOWN,UNKNOWN,UNKNOWN,UNKNOWN,NONE,NOT_YET,APPROACHING,UPPER_SELL_ZONE,TOP,NONE,UNCLEAR,UNCLEAR,MOMENTUM_CLOSE,M1,NOT_YET,UNCLEAR,NO,NO,UNCLEAR,UNKNOWN,,UNCLEAR,NONE,UNKNOWN,,WAIT,WAIT_CONFIRMATION_AT_SELL_ZONE,He notes a possible trend-aligned sell if confirmation appears at the upper zone; no trade is taken.
d19a43da80ae0e3ab4207a73a35f317120d37c84,HOidQitTyAc,2026-08-03,52:09-59:11,UNKNOWN,XAUUSD,HOidQitTyAc-PB5-008,BADAR,medium,NY,UNKNOWN,PRE_NEWS,ISM_DAY,UNKNOWN,UNKNOWN,UNKNOWN,UNKNOWN,NONE,NOT_YET,YES,OTHER,UNKNOWN,NONE,UNCLEAR,UNCLEAR,NONE,UNKNOWN,NOT_YET,UNCLEAR,NO,NO,UNCLEAR,UNKNOWN,,UNCLEAR,NONE,SKIP,NEWS,NO_TRADE,NO_TRADE_PRE_NEWS,Before ISM he refuses the emerging buy confirmation and says the news blocks the trade.
d19a43da80ae0e3ab4207a73a35f317120d37c84,HOidQitTyAc,2026-08-03,61:20,UNKNOWN,XAUUSD,HOidQitTyAc-PB5-009,BADAR,medium,NY,UNKNOWN,POST_NEWS,ISM_DAY,UNKNOWN,UNKNOWN,UNKNOWN,UNKNOWN,NONE,NOT_YET,YES,FVG|DEMAND,BOTTOM,TWO_REJECTIONS,UNCLEAR,UNCLEAR,TWO_CANDLE_REJECTION,M1,STRONG,YES,NO,NO,YES,ZONE,,UNCLEAR,MARKET_CLOSE,REDUCED,NEWS,TRADE_LONG,TRADE_REDUCED_POST_NEWS_REJECTION,"Just after ISM, repeated rejection at the lower FVG/deemand causes him to buy but manage aggressively because news is active."
d19a43da80ae0e3ab4207a73a35f317120d37c84,HOidQitTyAc,2026-08-03,70:40-71:41,UNKNOWN,XAUUSD,HOidQitTyAc-PB5-010,BADAR,medium,NY,UNKNOWN,UNKNOWN,LOW_VOLUME_POST_NEWS,UNKNOWN,UNKNOWN,UNKNOWN,UNKNOWN,NONE,NOT_YET,YES,RANGE_LOW|DEMAND,BOTTOM,FAKE_BREAK,UNCLEAR,UNCLEAR,CLOSE_BACK_INSIDE,M1,ADEQUATE,YES,NO,NO,YES,SWEEP_EXTREME,,UNCLEAR,MARKET_CLOSE,REDUCED,,TRADE_LONG,TRADE_REDUCED_RANGE_FAKE_BREAK,Low-volume selling plus repeated fake breaks of the range low and a move back inside trigger another small long.
d19a43da80ae0e3ab4207a73a35f317120d37c84,aEw6393GE1c,2026-08-03,pre-stream,UNKNOWN,XAUUSD,aEw6393GE1c-PB5-001,BADAR,medium,LONDON,UNKNOWN,UNKNOWN,NONE,UNKNOWN,UNKNOWN,UNKNOWN,UNKNOWN,NONE,NOT_YET,YES,ASIAN_LOW|M5_LIQUIDITY,BOTTOM,SWEEP,YES,UNCLEAR,MOMENTUM_CLOSE,M1/M3,STRONG,YES,NO,NO,YES,SWEEP_EXTREME,~10 pips.,UNCLEAR,MARKET_CLOSE,NORMAL,,TRADE_LONG,TRADE_LONDON_LOW_SWEEP_TIGHT_STOP,At London open the M5 equal lows/Asian-low liquidity are swept and a wickless lower-timeframe candle gives a very tight-stop long.
d19a43da80ae0e3ab4207a73a35f317120d37c84,aEw6393GE1c,2026-08-03,13:37-15:38,UNKNOWN,XAUUSD,aEw6393GE1c-PB5-002,BADAR,medium,LONDON,UNKNOWN,UNKNOWN,NONE,UNKNOWN,UNKNOWN,UNKNOWN,UNKNOWN,NONE,NOT_YET,YES,OB,PREMIUM,REJECTION,UNCLEAR,UNCLEAR,REJECTION,M1,STRONG,UNCLEAR,NO,YES,UNCLEAR,UNKNOWN,,UNCLEAR,NONE,SKIP,,NO_TRADE,NO_TRADE_CHASE,He misses the OB rejection sell and refuses to jump in after the move has already run 60-70 pips.
d19a43da80ae0e3ab4207a73a35f317120d37c84,aEw6393GE1c,2026-08-03,16:42-17:42,UNKNOWN,XAUUSD,aEw6393GE1c-PB5-003,BADAR,medium,LONDON,UNKNOWN,UNKNOWN,NONE,UNKNOWN,UNKNOWN,UNKNOWN,UNKNOWN,NONE,NOT_YET,APPROACHING,M15_FVG|HIDDEN_OB,BOTTOM,NONE,UNCLEAR,UNCLEAR,NONE,UNKNOWN,NOT_YET,UNCLEAR,NO,NO,UNCLEAR,UNKNOWN,,UNCLEAR,NONE,UNKNOWN,,WAIT,WAIT_DEEPER_BUY_AREA,He identifies 4034 as the best buy area and waits; price never reaches it during the stream.
d19a43da80ae0e3ab4207a73a35f317120d37c84,aEw6393GE1c,2026-08-03,17:42-20:57,UNKNOWN,XAUUSD,aEw6393GE1c-PB5-004,BADAR,medium,LONDON,UNKNOWN,UNKNOWN,NONE,UNKNOWN,UNKNOWN,UNKNOWN,UNKNOWN,NONE,NOT_YET,APPROACHING,OTHER,UNKNOWN,SWEEP,UNCLEAR,UNCLEAR,MOMENTUM_CLOSE,M1,NOT_YET,UNCLEAR,NO,NO,UNCLEAR,UNKNOWN,,UNCLEAR,NONE,UNKNOWN,,WAIT,WAIT_SWEEP_CLOSE,"He wants a retracement, high sweep and M1 close before scalping again, noting M1 momentum shifts can trap him."
d19a43da80ae0e3ab4207a73a35f317120d37c84,aEw6393GE1c,2026-08-03,23:03,UNKNOWN,XAUUSD,aEw6393GE1c-PB5-005,BADAR,medium,LONDON,UNKNOWN,UNKNOWN,NONE,UNKNOWN,UNKNOWN,UNKNOWN,UNKNOWN,M15,NOT_YET,YES,OTHER,UNKNOWN,NONE,UNCLEAR,UNCLEAR,NONE,UNKNOWN,NOT_YET,UNCLEAR,NO,NO,UNCLEAR,UNKNOWN,,UNCLEAR,NONE,UNKNOWN,,WAIT,WAIT_HIGHER_TF_CLARITY,"Five minutes is unclear, so he gives the market time and expects 15m to provide clearer context."
d19a43da80ae0e3ab4207a73a35f317120d37c84,aEw6393GE1c,2026-08-03,26:34,UNKNOWN,XAUUSD,aEw6393GE1c-PB5-006,BADAR,medium,LONDON,UNKNOWN,UNKNOWN,NONE,UNKNOWN,UNKNOWN,UNKNOWN,UNKNOWN,NONE,NOT_YET,YES,HIDDEN_OB|SUPPLY_DEMAND,PREMIUM,RETRACE_TO_POI,UNCLEAR,UNCLEAR,REJECTION,M1/M3,ADEQUATE,YES,NO,NO,YES,ZONE,Initially ~15 pips; widened structurally then tightened.,UNCLEAR,MARKET_CLOSE,REDUCED,,TRADE_SHORT,TRADE_HIDDEN_OB_RETRACE,A retrace into the hidden OB with M1/M3 rejection leads to a small-risk short toward the low.
d19a43da80ae0e3ab4207a73a35f317120d37c84,h93tKxejXwQ,2026-07-31,3:40-5:52,UNKNOWN,XAUUSD,h93tKxejXwQ-PB5-001,BADAR,medium,NY,UNKNOWN,UNKNOWN,NONE,BEAR,UNKNOWN,BEAR,ALIGNED,NONE,NOT_YET,YES,HIDDEN_OB|FVG,PREMIUM,TRAP,UNCLEAR,UNCLEAR,INVERSE_CLOSE,M1/M3,STRONG,YES,NO,NO,YES,ZONE,~9 pips.,UNCLEAR,MARKET_CLOSE,NORMAL,,TRADE_SHORT,TRADE_TREND_TRAP_HIDDEN_OB,A buy-trap candle at the hidden OB/FVG in the sell bias triggers a tiny-stop short.
d19a43da80ae0e3ab4207a73a35f317120d37c84,h93tKxejXwQ,2026-07-31,24:21-26:25,UNKNOWN,XAUUSD,h93tKxejXwQ-PB5-002,BADAR,medium,NY,UNKNOWN,UNKNOWN,NONE,BEAR,UNKNOWN,BEAR,COUNTERTREND,M30,NOT_YET,YES,OTHER,BOTTOM,SWEEP,UNCLEAR,UNCLEAR,MOMENTUM_CLOSE,M5/M30,NOT_YET,UNCLEAR,NO,NO,UNCLEAR,UNKNOWN,,UNCLEAR,NONE,UNKNOWN,,WAIT,WAIT_HTF_CLOSE,"A possible buy after downside liquidity is considered, but he waits for the 30m close and does not accept the M5 close."
d19a43da80ae0e3ab4207a73a35f317120d37c84,h93tKxejXwQ,2026-07-31,27:29-31:35,UNKNOWN,XAUUSD,h93tKxejXwQ-PB5-003,BADAR,medium,NY,UNKNOWN,UNKNOWN,NONE,BEAR,UNKNOWN,BEAR,ALIGNED,NONE,NOT_YET,YES,SELL_AREA,PREMIUM,NONE,UNCLEAR,UNCLEAR,TWO_CANDLE_REJECTION,M15/M30,NOT_YET,UNCLEAR,NO,NO,UNCLEAR,UNKNOWN,,UNCLEAR,NONE,UNKNOWN,,WAIT,WAIT_PROPER_CONFIRMATION,He says he could sell early but waits for proper confirmation; later two-candle rejection and the 30m close complete the setup.
d19a43da80ae0e3ab4207a73a35f317120d37c84,h93tKxejXwQ,2026-07-31,31:35-32:43,UNKNOWN,XAUUSD,h93tKxejXwQ-PB5-004,BADAR,medium,NY,UNKNOWN,UNKNOWN,NONE,BEAR,UNKNOWN,BEAR,ALIGNED,NONE,NOT_YET,YES,SELL_AREA|SWING_HIGH,PREMIUM,SWEEP|TWO_REJECTIONS,YES,UNCLEAR,TWO_CANDLE_REJECTION|INVERSE_CLOSE,M15/M30/M1,STRONG,YES,NO,NO,YES,CONFIRMATION_CANDLE,~9-25 pips depending frame.,UNCLEAR,MARKET_CLOSE,REDUCED,AFTER_WIN,TRADE_SHORT,TRADE_ALIGNED_TRAP_2CR,"After the high sweep, trap candle, two-candle rejection and 30m rejection close, he takes a second sell using protected prior profit."
d19a43da80ae0e3ab4207a73a35f317120d37c84,h93tKxejXwQ,2026-07-31,43:03-47:40,UNKNOWN,XAUUSD,h93tKxejXwQ-PB5-005,BADAR,medium,NY,UNKNOWN,UNKNOWN,NONE,BEAR,UNKNOWN,BEAR,ALIGNED,NONE,NOT_YET,APPROACHING,OB|LOWER_AREA,UNKNOWN,NONE,UNCLEAR,UNCLEAR,NONE,UNKNOWN,NOT_YET,UNCLEAR,NO,NO,UNCLEAR,UNKNOWN,,UNCLEAR,NONE,SKIP,,NO_TRADE,NO_TRADE_WAIT_DEEPER_AREA,A possible third entry is rejected because he wants price/target context around the deeper 4019 area and does not overtrade.
d19a43da80ae0e3ab4207a73a35f317120d37c84,9D7wgJCdP5c,2026-07-30,5:55,UNKNOWN,XAUUSD,9D7wgJCdP5c-PB6-001,BADAR,medium,NY,UNKNOWN,UNKNOWN,RANGE|CONFUSED,UNKNOWN,UNKNOWN,UNKNOWN,UNKNOWN,NONE,NOT_YET,NO,OTHER,MIDDLE,NONE,UNCLEAR,UNCLEAR,NONE,UNKNOWN,NOT_YET,UNCLEAR,NO,NO,UNCLEAR,UNKNOWN,,UNCLEAR,NONE,SKIP,,NO_TRADE,NO_TRADE_NO_LOCATION,He checks whether there is any trade and says there is none; price needs to reach a meaningful area first.
d19a43da80ae0e3ab4207a73a35f317120d37c84,9D7wgJCdP5c,2026-07-30,8:00-9:01,UNKNOWN,XAUUSD,9D7wgJCdP5c-PB6-002,BADAR,medium,NY,UNKNOWN,UNKNOWN,RANGE|CONFUSED,UNKNOWN,UNKNOWN,UNKNOWN,UNKNOWN,NONE,NOT_YET,YES,OTHER,UNKNOWN,NONE,UNCLEAR,UNCLEAR,DOUBLE_CONFIRMATION,M1,NOT_YET,UNCLEAR,NO,NO,NO,UNKNOWN,,UNCLEAR,NONE,SKIP,,NO_TRADE,NO_TRADE_NO_LOGICAL_STOP,"A second buy confirmation could make the setup interesting, but he rejects it because there is no logical place for the stop."
d19a43da80ae0e3ab4207a73a35f317120d37c84,9D7wgJCdP5c,2026-07-30,10:18-11:40,UNKNOWN,XAUUSD,9D7wgJCdP5c-PB6-003,BADAR,medium,NY,UNKNOWN,UNKNOWN,RANGE|LOW_PROBABILITY,UNKNOWN,UNKNOWN,UNKNOWN,UNKNOWN,NONE,NOT_YET,YES,RANGE_HIGH,TOP,FAKE_BREAK,YES,UNCLEAR,CLOSE_BACK_INSIDE,M1,ADEQUATE,YES,NO,NO,YES,SWEEP_EXTREME,~20-25 pips.,UNCLEAR,MARKET_CLOSE,REDUCED,LOW_PROBABILITY|RANGE,TRADE_SHORT,TRADE_REDUCED_RANGE_FAKE_BREAK,"In a directionless range, the high is swept and M1 closes back inside; he sells it as a low-probability liquidity trade with a small stop."
d19a43da80ae0e3ab4207a73a35f317120d37c84,9D7wgJCdP5c,2026-07-30,17:45-18:49,UNKNOWN,XAUUSD,9D7wgJCdP5c-PB6-004,BADAR,medium,NY,UNKNOWN,UNKNOWN,RANGE,UNKNOWN,UNKNOWN,UNKNOWN,UNKNOWN,NONE,NOT_YET,YES,OTHER,UNKNOWN,NONE,UNCLEAR,UNCLEAR,MOMENTUM_CLOSE,M1,STRONG,UNCLEAR,NO,YES,UNCLEAR,UNKNOWN,,UNCLEAR,NONE,SKIP,,NO_TRADE,NO_TRADE_MISSED_MOVE,"He sees an institutional wickless breakout long he wanted, but the move leaves before entry; he waits for a retrace instead of chasing."
d19a43da80ae0e3ab4207a73a35f317120d37c84,9D7wgJCdP5c,2026-07-30,21:51-22:54,UNKNOWN,XAUUSD,9D7wgJCdP5c-PB6-005,BADAR,medium,NY,UNKNOWN,UNKNOWN,RANGE,UNKNOWN,UNKNOWN,UNKNOWN,UNKNOWN,M30,NOT_YET,YES,OTHER,UNKNOWN,NONE,UNCLEAR,UNCLEAR,MOMENTUM_CLOSE,M30,NOT_YET,UNCLEAR,NO,NO,UNCLEAR,UNKNOWN,,UNCLEAR,NONE,UNKNOWN,,WAIT,WAIT_HTF_CLOSE,He refuses to buy the breakout area before the 30-minute candle closes.
d19a43da80ae0e3ab4207a73a35f317120d37c84,9D7wgJCdP5c,2026-07-30,25:05-26:06,UNKNOWN,XAUUSD,9D7wgJCdP5c-PB6-006,BADAR,medium,NY,UNKNOWN,UNKNOWN,RANGE,UNKNOWN,UNKNOWN,UNKNOWN,UNKNOWN,NONE,NOT_YET,YES,SWING_HIGH|OB,TOP,SWEEP,YES,UNCLEAR,NONE,UNKNOWN,WEAK,UNCLEAR,NO,NO,YES,SWEEP_EXTREME,~10-13 pips.,UNCLEAR,MARKET_CLOSE,REDUCED,NO_CONFIRMATION|TIGHT_STOP,TRADE_SHORT,TRADE_REDUCED_DIRECT_SWEEP_TIGHT_STOP,He takes a direct short without LTF confirmation after the high sweep because the wickless origin and tiny stop create acceptable geometry.
d19a43da80ae0e3ab4207a73a35f317120d37c84,9D7wgJCdP5c,2026-07-30,34:51-36:56,UNKNOWN,XAUUSD,9D7wgJCdP5c-PB6-007,BADAR,medium,NY,UNKNOWN,UNKNOWN,RANGE,UNKNOWN,UNKNOWN,UNKNOWN,UNKNOWN,NONE,NOT_YET,APPROACHING,HIDDEN_OB|ASIAN_HIGH,TOP,RETRACE_TO_POI,UNCLEAR,UNCLEAR,REJECTION,UNKNOWN,NOT_YET,UNCLEAR,NO,NO,UNCLEAR,UNKNOWN,,UNCLEAR,NONE,UNKNOWN,,WAIT,WAIT_ASIAN_HIGH_SWEEP,He avoids selling the current rally because there is no rejection and waits until the 4100/Asian-high liquidity is taken.
d19a43da80ae0e3ab4207a73a35f317120d37c84,9D7wgJCdP5c,2026-07-30,44:44,UNKNOWN,XAUUSD,9D7wgJCdP5c-PB6-008,BADAR,medium,NY,UNKNOWN,UNKNOWN,RANGE,UNKNOWN,UNKNOWN,UNKNOWN,UNKNOWN,NONE,NOT_YET,YES,ASIAN_HIGH,TOP,SWEEP,YES,UNCLEAR,CLOSE_BACK_INSIDE,M1,ADEQUATE,YES,NO,NO,YES,SWEEP_EXTREME,Large relative to scalp; reduced risk.,UNCLEAR,MARKET_CLOSE,REDUCED,COUNTERTREND|LARGE_STOP,TRADE_SHORT,TRADE_REDUCED_ASIAN_HIGH_SWEEP,The Asian high is swept and M1 closes back inside; he sells countertrend with reduced risk because stop size is larger.
d19a43da80ae0e3ab4207a73a35f317120d37c84,9D7wgJCdP5c,2026-07-30,46:47-47:56,UNKNOWN,XAUUSD,9D7wgJCdP5c-PB6-009,BADAR,medium,NY,UNKNOWN,UNKNOWN,RANGE|CONFUSED,UNKNOWN,UNKNOWN,UNKNOWN,UNKNOWN,NONE,NOT_YET,YES,OTHER,UNKNOWN,NONE,UNCLEAR,UNCLEAR,NONE,UNKNOWN,NOT_YET,UNCLEAR,NO,NO,UNCLEAR,UNKNOWN,,UNCLEAR,NONE,SKIP,,NO_TRADE,NO_TRADE_STOP_AFTER_ENOUGH_ATTEMPTS,After the manual exit he declines re-entry; on a confused day two entries are enough.
d19a43da80ae0e3ab4207a73a35f317120d37c84,MbUagftbsIw,2026-07-29,1:50-6:03,UNKNOWN,XAUUSD,MbUagftbsIw-PB6-001,BADAR,medium,NY,UNKNOWN,PRE_NEWS,FOMC,UNKNOWN,UNKNOWN,UNKNOWN,UNKNOWN,NONE,NOT_YET,YES,OTHER,UNKNOWN,NONE,UNCLEAR,UNCLEAR,NONE,UNKNOWN,NOT_YET,UNCLEAR,NO,NO,UNCLEAR,UNKNOWN,,UNCLEAR,NONE,SKIP,NEWS,NO_TRADE,NO_TRADE_PRE_NEWS,He takes no position before the FOMC statement and waits for the rate decision/reaction.
d19a43da80ae0e3ab4207a73a35f317120d37c84,MbUagftbsIw,2026-07-29,8:41-9:44,UNKNOWN,XAUUSD,MbUagftbsIw-PB6-002,BADAR,medium,NY,UNKNOWN,POST_NEWS,FOMC,UNKNOWN,UNKNOWN,UNKNOWN,UNKNOWN,NONE,NOT_YET,YES,BUY_AREA|ASIAN_LIQUIDITY,BOTTOM,REJECTION,UNCLEAR,UNCLEAR,DOUBLE_CONFIRMATION,M1,NOT_YET,UNCLEAR,NO,NO,UNCLEAR,UNKNOWN,,UNCLEAR,NONE,UNKNOWN,,WAIT,WAIT_CONFIRMATION_AND_STOP,"At the first touch of the buy area he refuses entry without confirmation, asking where the stop would go and wanting two confirmations."
d19a43da80ae0e3ab4207a73a35f317120d37c84,MbUagftbsIw,2026-07-29,10:46,UNKNOWN,XAUUSD,MbUagftbsIw-PB6-003,BADAR,medium,NY,UNKNOWN,POST_NEWS,FOMC,UNKNOWN,UNKNOWN,UNKNOWN,UNKNOWN,NONE,NOT_YET,YES,FVG|OB,BOTTOM,RETRACE_TO_POI,UNCLEAR,UNCLEAR,ENGULF|MOMENTUM_CLOSE,M1,STRONG,YES,NO,NO,YES,ZONE,Wide post-news stop; half risk.,UNCLEAR,MARKET_CLOSE,REDUCED,NEWS|HALF_RISK,TRADE_LONG,TRADE_REDUCED_POST_FOMC_STRONG_CLOSE,A strong bullish one-minute close/engulf at the FVG/OB after the FOMC retrace triggers a half-risk direct long.
d19a43da80ae0e3ab4207a73a35f317120d37c84,MbUagftbsIw,2026-07-29,22:32,UNKNOWN,XAUUSD,MbUagftbsIw-PB6-004,BADAR,medium,NY,UNKNOWN,POST_NEWS,FOMC,UNKNOWN,UNKNOWN,UNKNOWN,UNKNOWN,NONE,NOT_YET,YES,OTHER,UNKNOWN,NONE,UNCLEAR,UNCLEAR,DOUBLE_CONFIRMATION,M2/M3,NOT_YET,UNCLEAR,NO,NO,UNCLEAR,UNKNOWN,,UNCLEAR,NONE,UNKNOWN,,WAIT,WAIT_SECOND_CONFIRMATION,After the first runner is protected he avoids immediate re-entry and wants 2-3 minute confirmation because a wickless candle has already formed.
d19a43da80ae0e3ab4207a73a35f317120d37c84,MbUagftbsIw,2026-07-29,23:34-24:47,UNKNOWN,XAUUSD,MbUagftbsIw-PB6-005,BADAR,low,NY,UNKNOWN,POST_NEWS,FOMC,UNKNOWN,UNKNOWN,UNKNOWN,UNKNOWN,NONE,NOT_YET,YES,OB,UNKNOWN,RETRACE_TO_POI,UNCLEAR,UNCLEAR,NONE,UNKNOWN,NOT_YET,UNCLEAR,NO,NO,YES,ZONE,~95 pips; risk reduced.,UNCLEAR,MARKET_CLOSE,REDUCED,NEWS|AFTER_WIN,TRADE_LONG,TRADE_REDUCED_POST_NEWS_OB,"He takes a smaller pullback long above the one-minute order block, keeping less risk because the day is already profitable."
d19a43da80ae0e3ab4207a73a35f317120d37c84,MbUagftbsIw,2026-07-29,31:42,UNKNOWN,XAUUSD,MbUagftbsIw-PB6-006,BADAR,medium,NY,UNKNOWN,PRE_PRESS_CONFERENCE,FOMC,UNKNOWN,UNKNOWN,UNKNOWN,UNKNOWN,NONE,NOT_YET,YES,SWEEP_LOW|OB|FVG,BOTTOM,SWEEP,YES,UNCLEAR,NONE,UNKNOWN,WEAK,UNCLEAR,NO,NO,YES,SWEEP_EXTREME,Tiny ~7-10 pip stop.,UNCLEAR,MARKET_CLOSE,REDUCED,NO_CONFIRMATION|VERY_TIGHT_STOP|NEWS,TRADE_LONG,TRADE_REDUCED_UNCONFIRMED_SWEEP_SCALP,"He explicitly calls it his riskiest trade: a low sweep at the OB with no confirmation, taken only because the stop is extremely small and size is small."
d19a43da80ae0e3ab4207a73a35f317120d37c84,MbUagftbsIw,2026-07-29,37:37,UNKNOWN,XAUUSD,MbUagftbsIw-PB6-007,BADAR,medium,NY,UNKNOWN,PRE_PRESS_CONFERENCE,FOMC,UNKNOWN,UNKNOWN,UNKNOWN,UNKNOWN,NONE,NOT_YET,YES,OTHER,UNKNOWN,NONE,UNCLEAR,UNCLEAR,NONE,UNKNOWN,NOT_YET,UNCLEAR,NO,NO,UNCLEAR,UNKNOWN,,UNCLEAR,NONE,SKIP,,NO_TRADE,NO_TRADE_STOP_BEFORE_PRESSER,After the scalp reaches target he stops trading before the FOMC press conference.
d19a43da80ae0e3ab4207a73a35f317120d37c84,2c249LLRY_Q,2026-07-29,3:17-12:43,UNKNOWN,XAUUSD,2c249LLRY_Q-PB6-001,BADAR,medium,NY,UNKNOWN,UNKNOWN,NONE,BEAR,UNKNOWN,BEAR,ALIGNED,M15,NOT_YET,APPROACHING,HIDDEN_OB|FVG,PREMIUM,RETRACE_TO_POI,UNCLEAR,UNCLEAR,NONE,UNKNOWN,NOT_YET,UNCLEAR,NO,NO,UNCLEAR,UNKNOWN,,UNCLEAR,NONE,UNKNOWN,,WAIT,WAIT_HTF_CLOSE_AND_RETRACE,After the Asian-high sweep/BOS he waits for the M15 close and a retrace into the hidden OB/FVG rather than selling early.
d19a43da80ae0e3ab4207a73a35f317120d37c84,2c249LLRY_Q,2026-07-29,9:39,UNKNOWN,XAUUSD,2c249LLRY_Q-PB6-002,BADAR,medium,NY,UNKNOWN,UNKNOWN,NONE,BEAR,UNKNOWN,BEAR,UNKNOWN,NONE,NOT_YET,YES,HIDDEN_OB,UNKNOWN,NONE,UNCLEAR,UNCLEAR,NONE,UNKNOWN,NOT_YET,UNCLEAR,NO,NO,YES,UNKNOWN,Stop too large at the current hidden OB.,UNCLEAR,NONE,SKIP,LARGE_STOP,NO_TRADE,NO_TRADE_BIG_STOP,He rejects the nearer hidden-OB entry because the stop is too large and waits for a better area.
d19a43da80ae0e3ab4207a73a35f317120d37c84,2c249LLRY_Q,2026-07-29,12:43-18:16,UNKNOWN,XAUUSD,2c249LLRY_Q-PB6-003,BADAR,medium,NY,UNKNOWN,UNKNOWN,NONE,BEAR,UNKNOWN,BEAR,ALIGNED,NONE,NOT_YET,YES,FVG|HIDDEN_OB,PREMIUM,RETRACE_TO_POI,UNCLEAR,UNCLEAR,NONE,UNKNOWN,NOT_YET,UNCLEAR,NO,NO,YES,ZONE,~56 pips; classified low risk because size is reduced.,UNCLEAR,LIMIT_RETRACE,REDUCED,FIRST_ZONE|WIDER_STOP,TRADE_SHORT,TRADE_REDUCED_LOWER_ZONE_LIMIT,"He takes the first/lower FVG-hidden-OB entry with smaller risk, while reserving the better upper zone for a main tighter-stop trade."
d19a43da80ae0e3ab4207a73a35f317120d37c84,2c249LLRY_Q,2026-07-29,3:17-33:50,UNKNOWN,XAUUSD,2c249LLRY_Q-PB6-004,BADAR,medium,NY,UNKNOWN,UNKNOWN,NONE,BEAR,UNKNOWN,BEAR,ALIGNED,NONE,NOT_YET,APPROACHING,UPPER_HIDDEN_OB,PREMIUM,RETRACE_TO_POI,UNCLEAR,UNCLEAR,NONE,UNKNOWN,NOT_YET,UNCLEAR,NO,NO,UNCLEAR,UNKNOWN,,UNCLEAR,NONE,UNKNOWN,,WAIT,WAIT_MAIN_UPPER_ZONE,The main upper sell limit remains pending; price misses it by only a few pips and he still does not chase.
d19a43da80ae0e3ab4207a73a35f317120d37c84,2c249LLRY_Q,2026-07-29,30:31,UNKNOWN,XAUUSD,2c249LLRY_Q-PB6-005,BADAR,medium,NY,UNKNOWN,UNKNOWN,NONE,UNKNOWN,UNKNOWN,UNKNOWN,UNKNOWN,NONE,NOT_YET,YES,OTHER,UNKNOWN,NONE,UNCLEAR,UNCLEAR,NONE,UNKNOWN,NOT_YET,UNCLEAR,NO,NO,UNCLEAR,UNKNOWN,,UNCLEAR,NONE,SKIP,,NO_TRADE,NO_TRADE_ONE_TRADE_DISCIPLINE,"After the first trade reaches its first target, he says not to take any new trade."
d19a43da80ae0e3ab4207a73a35f317120d37c84,suuicaoUvDQ,2026-07-28,3:32-6:28,UNKNOWN,XAUUSD,suuicaoUvDQ-PB6-001,BADAR,low,NY,UNKNOWN,UNKNOWN,RANGE|DEAD_MARKET,UNKNOWN,UNKNOWN,UNKNOWN,UNKNOWN,NONE,NOT_YET,YES,LONDON_LOW,BOTTOM,REJECTION,UNCLEAR,UNCLEAR,MOMENTUM_CLOSE,M1/M5,ADEQUATE,YES,NO,NO,YES,SWEEP_EXTREME,10-15 pips.,UNCLEAR,MARKET_CLOSE,REDUCED,LOW_CONFIDENCE,TRADE_LONG,TRADE_SMALL_LOW_SCALP,He describes a small live/paper long around the London low with a 10-15 pip stop; exact execution is not visible.
d19a43da80ae0e3ab4207a73a35f317120d37c84,suuicaoUvDQ,2026-07-28,8:28-12:48,UNKNOWN,XAUUSD,suuicaoUvDQ-PB6-002,BADAR,medium,NY,UNKNOWN,UNKNOWN,RANGE|DEAD_MARKET,UNKNOWN,UNKNOWN,UNKNOWN,UNKNOWN,M15,NOT_YET,YES,LONDON_LOW,BOTTOM,NONE,UNCLEAR,UNCLEAR,DOUBLE_CONFIRMATION,M1/M15,NOT_YET,UNCLEAR,NO,NO,UNCLEAR,UNKNOWN,,UNCLEAR,NONE,UNKNOWN,,WAIT,WAIT_SECOND_CONFIRMATION,He waits for the M15 context and a second one-minute buy confirmation before buying the London low.
d19a43da80ae0e3ab4207a73a35f317120d37c84,suuicaoUvDQ,2026-07-28,12:48,UNKNOWN,XAUUSD,suuicaoUvDQ-PB6-003,BADAR,medium,NY,UNKNOWN,UNKNOWN,RANGE|DEAD_MARKET,UNKNOWN,UNKNOWN,UNKNOWN,UNKNOWN,NONE,NOT_YET,YES,LONDON_LOW|LIQUIDITY,BOTTOM,SWEEP,YES,UNCLEAR,DOUBLE_CONFIRMATION,M1,STRONG,YES,YES,NO,YES,SWEEP_EXTREME,,UNCLEAR,MARKET_CLOSE,NORMAL,,TRADE_LONG,TRADE_DOUBLE_CONFIRM_LOW,"After the London-low liquidity interaction and a second one-minute buy confirmation, he takes the long."
d19a43da80ae0e3ab4207a73a35f317120d37c84,suuicaoUvDQ,2026-07-28,20:51-21:59,UNKNOWN,XAUUSD,suuicaoUvDQ-PB6-004,BADAR,medium,NY,UNKNOWN,UNKNOWN,RANGE|DEAD_MARKET,UNKNOWN,UNKNOWN,UNKNOWN,UNKNOWN,NONE,NOT_YET,YES,OTHER,BOTTOM,NONE,UNCLEAR,UNCLEAR,MOMENTUM_CLOSE,M5,STRONG,UNCLEAR,NO,NO,UNCLEAR,UNKNOWN,,UNCLEAR,NONE,SKIP,,NO_TRADE,NO_TRADE_SELL_AT_RANGE_LOW,"Even if another strong bearish close appears, he refuses a direct sell at the bottom because it can trap and reverse."
d19a43da80ae0e3ab4207a73a35f317120d37c84,suuicaoUvDQ,2026-07-28,21:59-25:04,UNKNOWN,XAUUSD,suuicaoUvDQ-PB6-005,BADAR,medium,NY,UNKNOWN,UNKNOWN,RANGE|DEAD_MARKET,UNKNOWN,UNKNOWN,UNKNOWN,UNKNOWN,NONE,NOT_YET,APPROACHING,SUPPLY_DEMAND|LIQUIDITY,PREMIUM,NONE,UNCLEAR,UNCLEAR,NONE,UNKNOWN,NOT_YET,UNCLEAR,NO,NO,UNCLEAR,UNKNOWN,,UNCLEAR,NONE,UNKNOWN,,WAIT,WAIT_UPPER_SUPPLY_CONFIRM,He plans a short only from the full liquidity/supply zone with confirmation; the entry does not trigger.
d19a43da80ae0e3ab4207a73a35f317120d37c84,suuicaoUvDQ,2026-07-28,27:18,UNKNOWN,XAUUSD,suuicaoUvDQ-PB6-006,BADAR,medium,NY,UNKNOWN,UNKNOWN,RANGE|DEAD_MARKET,UNKNOWN,UNKNOWN,UNKNOWN,UNKNOWN,NONE,NOT_YET,NO,OTHER,MIDDLE,NONE,UNCLEAR,UNCLEAR,NONE,UNKNOWN,NOT_YET,UNCLEAR,NO,NO,UNCLEAR,UNKNOWN,,UNCLEAR,NONE,SKIP,,NO_TRADE,NO_TRADE_MIDDLE,He explicitly says the current price is not a trade zone and wants price at an extreme.
d19a43da80ae0e3ab4207a73a35f317120d37c84,suuicaoUvDQ,2026-07-28,29:30-42:10,UNKNOWN,XAUUSD,suuicaoUvDQ-PB6-007,BADAR,medium,NY,UNKNOWN,UNKNOWN,RANGE|DEAD_MARKET,UNKNOWN,UNKNOWN,UNKNOWN,UNKNOWN,NONE,NOT_YET,APPROACHING,UPPER_SUPPLY|SWING_HIGH,TOP,SWEEP,UNCLEAR,UNCLEAR,NONE,UNKNOWN,NOT_YET,UNCLEAR,NO,NO,UNCLEAR,UNKNOWN,,UNCLEAR,NONE,UNKNOWN,,WAIT,WAIT_PREMARKED_LIMIT_AREA,"He waits nearly an hour for the upper supply/high-sweep short; the move happens too fast and he misses it, then refuses to chase."
d19a43da80ae0e3ab4207a73a35f317120d37c84,suuicaoUvDQ,2026-07-28,43:32,UNKNOWN,XAUUSD,suuicaoUvDQ-PB6-008,BADAR,medium,NY,UNKNOWN,UNKNOWN,RANGE|DEAD_MARKET,UNKNOWN,UNKNOWN,UNKNOWN,UNKNOWN,M5,NOT_YET,APPROACHING,DEMAND|LIQUIDITY,BOTTOM,NONE,UNCLEAR,UNCLEAR,NONE,UNKNOWN,NOT_YET,UNCLEAR,NO,NO,UNCLEAR,UNKNOWN,,UNCLEAR,NONE,UNKNOWN,,WAIT,WAIT_5M_AT_DEMAND,He plans a low-probability buy from the lower demand only after seeing the five-minute context.
d19a43da80ae0e3ab4207a73a35f317120d37c84,suuicaoUvDQ,2026-07-28,47:00-50:26,UNKNOWN,XAUUSD,suuicaoUvDQ-PB6-009,BADAR,low,NY,UNKNOWN,UNKNOWN,RANGE|DEAD_MARKET,UNKNOWN,UNKNOWN,UNKNOWN,UNKNOWN,NONE,NOT_YET,YES,DEMAND|FVG|IMBALANCE,BOTTOM,RETRACE_TO_POI,UNCLEAR,UNCLEAR,NONE,UNKNOWN,NOT_YET,UNCLEAR,NO,NO,YES,ZONE,,UNCLEAR,LIMIT_RETRACE,NORMAL,,TRADE_LONG,TRADE_DEMAND_LIMIT,He places a buy limit in the 4010-4012 demand/imbalance area; fill is slightly ambiguous due spread/redrawing but the source treats the area as the intended entry.
d19a43da80ae0e3ab4207a73a35f317120d37c84,suuicaoUvDQ,2026-07-28,60:27,UNKNOWN,XAUUSD,suuicaoUvDQ-PB6-010,BADAR,medium,NY,UNKNOWN,UNKNOWN,NONE,UNKNOWN,UNKNOWN,UNKNOWN,UNKNOWN,NONE,NOT_YET,YES,OTHER,UNKNOWN,NONE,UNCLEAR,UNCLEAR,NONE,UNKNOWN,NOT_YET,UNCLEAR,NO,NO,UNCLEAR,UNKNOWN,,UNCLEAR,NONE,SKIP,,NO_TRADE,NO_TRADE_OVERTRADE,He ends the stream and explicitly says not to overtrade.
d19a43da80ae0e3ab4207a73a35f317120d37c84,wQ5uxbmLlM4,2026-07-27,3:18,UNKNOWN,XAUUSD,wQ5uxbmLlM4-PB7-001,BADAR,medium,NY,UNKNOWN,UNKNOWN,MONDAY_SLOW,UNKNOWN,UNKNOWN,UNKNOWN,UNKNOWN,NONE,NOT_YET,NO,OTHER,MIDDLE,NONE,UNCLEAR,UNCLEAR,NONE,UNKNOWN,NOT_YET,UNCLEAR,NO,NO,UNCLEAR,UNKNOWN,,UNCLEAR,NONE,SKIP,,NO_TRADE,NO_TRADE_MIDDLE,On M15 he says price is in the center and will not trade from there.
d19a43da80ae0e3ab4207a73a35f317120d37c84,wQ5uxbmLlM4,2026-07-27,5:28-7:34,UNKNOWN,XAUUSD,wQ5uxbmLlM4-PB7-002,BADAR,medium,NY,UNKNOWN,UNKNOWN,MONDAY_SLOW|LOW_PROBABILITY,UNKNOWN,UNKNOWN,UNKNOWN,UNKNOWN,NONE,NOT_YET,YES,ASIAN_LOW|GAP,BOTTOM,SWEEP,YES,UNCLEAR,MOMENTUM_CLOSE,M5,WEAK,UNCLEAR,NO,NO,YES,SWEEP_EXTREME,~40 pips; reduced risk.,UNCLEAR,MARKET_CLOSE,REDUCED,LOW_PROBABILITY,TRADE_LONG,TRADE_REDUCED_ASIAN_LOW_SWEEP,He buys the Asian-low sweep on M5 with less risk because confirmation is not strong.
d19a43da80ae0e3ab4207a73a35f317120d37c84,wQ5uxbmLlM4,2026-07-27,21:57-30:15,UNKNOWN,XAUUSD,wQ5uxbmLlM4-PB7-003,BADAR,medium,NY,UNKNOWN,UNKNOWN,NONE,UNKNOWN,UNKNOWN,UNKNOWN,UNKNOWN,NONE,NOT_YET,YES,OTHER,UNKNOWN,NONE,UNCLEAR,UNCLEAR,NONE,UNKNOWN,NOT_YET,UNCLEAR,NO,YES,UNCLEAR,UNKNOWN,,UNCLEAR,NONE,SKIP,,NO_TRADE,NO_TRADE_CHASE,"A large buy opportunity leaves without him; he says opportunities come daily and explicitly refuses buying at the top, waiting for retracement."
d19a43da80ae0e3ab4207a73a35f317120d37c84,wQ5uxbmLlM4,2026-07-27,39:10-42:24,UNKNOWN,XAUUSD,wQ5uxbmLlM4-PB7-004,BADAR,medium,NY,UNKNOWN,UNKNOWN,NONE,UNKNOWN,UNKNOWN,UNKNOWN,UNKNOWN,M1,NOT_YET,YES,BREAKOUT_HIGH|FVG,TOP,NONE,UNCLEAR,UNCLEAR,MOMENTUM_CLOSE,M1,NOT_YET,UNCLEAR,NO,NO,UNCLEAR,UNKNOWN,,UNCLEAR,NONE,UNKNOWN,,WAIT,WAIT_BREAKOUT_CLOSE,"He considers either a close-above breakout long or a wickless engulfing sell at the high, but neither trigger is accepted."
d19a43da80ae0e3ab4207a73a35f317120d37c84,wQ5uxbmLlM4,2026-07-27,46:55-50:51,UNKNOWN,XAUUSD,wQ5uxbmLlM4-PB7-005,BADAR,medium,NY,UNKNOWN,UNKNOWN,NONE,UNKNOWN,UNKNOWN,UNKNOWN,UNKNOWN,NONE,NOT_YET,YES,FVG|OB|SESSION_LOW,BOTTOM,SWEEP,YES,UNCLEAR,REJECTION,M10/M15/M3,ADEQUATE,UNCLEAR,NO,NO,YES,ZONE,~40 pips; explicitly judged big but worthwhile.,UNCLEAR,MARKET_CLOSE,REDUCED,NO_LTF_MSS,TRADE_LONG,TRADE_REDUCED_FVG_SUPPORT,"He buys the swept low into the gap/order-block support after multi-timeframe rejection, explicitly noting entry is without lower-timeframe confirmation."
d19a43da80ae0e3ab4207a73a35f317120d37c84,m0l1wj9IZ2o,2026-07-23,0:55-6:06,UNKNOWN,XAUUSD,m0l1wj9IZ2o-PB7-001,BADAR,medium,NY,UNKNOWN,UNKNOWN,NONE,BEAR,UNKNOWN,BEAR,ALIGNED,NONE,NOT_YET,APPROACHING,FVG|OB,UNKNOWN,RETRACE_TO_POI,UNCLEAR,UNCLEAR,MOMENTUM_CLOSE,UNKNOWN,NOT_YET,UNCLEAR,NO,NO,UNCLEAR,UNKNOWN,,UNCLEAR,NONE,UNKNOWN,,WAIT,WAIT_RETRACE_CONFIRM,"He misses the NY-open sell and refuses to chase the low, waiting for a retrace into an OB/FVG and red confirmation."
d19a43da80ae0e3ab4207a73a35f317120d37c84,m0l1wj9IZ2o,2026-07-23,7:12-8:14,UNKNOWN,XAUUSD,m0l1wj9IZ2o-PB7-002,BADAR,medium,NY,UNKNOWN,UNKNOWN,NONE,BEAR,UNKNOWN,BEAR,ALIGNED,NONE,NOT_YET,YES,FVG|HIDDEN_OB,PREMIUM,RETRACE_TO_POI,UNCLEAR,UNCLEAR,NONE,UNKNOWN,NOT_YET,UNCLEAR,NO,NO,YES,ZONE,~50 pips; half risk.,UNCLEAR,MARKET_CLOSE,REDUCED,LARGE_STOP,TRADE_SHORT,TRADE_REDUCED_FVG_RETRACE,He sells the retrace into the first FVG/hidden OB with half risk because the stop is larger than normal.
d19a43da80ae0e3ab4207a73a35f317120d37c84,m0l1wj9IZ2o,2026-07-23,9:48,UNKNOWN,XAUUSD,m0l1wj9IZ2o-PB7-003,BADAR,medium,NY,UNKNOWN,UNKNOWN,NONE,BEAR,UNKNOWN,BEAR,ALIGNED,NONE,NOT_YET,YES,FVG|HIDDEN_OB,UNKNOWN,RETRACE_TO_POI,UNCLEAR,UNCLEAR,NONE,UNKNOWN,NOT_YET,UNCLEAR,NO,NO,YES,ZONE,Smaller stop than first entry.,UNCLEAR,SPLIT_ENTRY,REDUCED,ADD_ON,TRADE_SHORT,TRADE_ADDON_SMALLER_STOP,He adds another short at the same zone because the second entry offers a smaller stop.
d19a43da80ae0e3ab4207a73a35f317120d37c84,m0l1wj9IZ2o,2026-07-23,18:28-21:43,UNKNOWN,XAUUSD,m0l1wj9IZ2o-PB7-004,BADAR,medium,NY,UNKNOWN,UNKNOWN,NONE,BEAR,UNKNOWN,BEAR,UNKNOWN,NONE,NOT_YET,APPROACHING,H1_GAP|LIQUIDITY,TOP,RETRACE_TO_POI,UNCLEAR,UNCLEAR,NONE,UNKNOWN,NOT_YET,UNCLEAR,NO,NO,UNCLEAR,UNKNOWN,,UNCLEAR,NONE,UNKNOWN,,WAIT,WAIT_HIGHER_SELL_LOCATION,After the trap rally he waits for a higher gap/liquidity location instead of selling the middle.
d19a43da80ae0e3ab4207a73a35f317120d37c84,m0l1wj9IZ2o,2026-07-23,20:41-21:43,UNKNOWN,XAUUSD,m0l1wj9IZ2o-PB7-005,BADAR,medium,NY,UNKNOWN,UNKNOWN,NONE,BEAR,UNKNOWN,BEAR,ALIGNED,NONE,NOT_YET,YES,H1_GAP|LIQUIDITY,PREMIUM,RETRACE_TO_POI,UNCLEAR,UNCLEAR,NONE,UNKNOWN,NOT_YET,UNCLEAR,NO,NO,YES,ZONE,,UNCLEAR,MARKET_CLOSE,NORMAL,,TRADE_SHORT,TRADE_HTF_GAP_LOCATION,He sells the exact higher gap/liquidity location with a defined stop and 1:3 target.
d19a43da80ae0e3ab4207a73a35f317120d37c84,m0l1wj9IZ2o,2026-07-23,38:38-53:14,UNKNOWN,XAUUSD,m0l1wj9IZ2o-PB7-006,BADAR,medium,NY,UNKNOWN,UNKNOWN,NONE,BEAR,UNKNOWN,BEAR,UNKNOWN,NONE,NOT_YET,APPROACHING,SUPPLY_DEMAND,PREMIUM,RETRACE_TO_POI,UNCLEAR,UNCLEAR,NONE,UNKNOWN,NOT_YET,UNCLEAR,NO,NO,UNCLEAR,UNKNOWN,,UNCLEAR,NONE,UNKNOWN,,WAIT,WAIT_LIMIT_SUPPLY,A later supply-zone limit is missed by a few pips; he accepts the miss and does not chase.
d19a43da80ae0e3ab4207a73a35f317120d37c84,M078bAYBc-E,2026-07-22,12:14,UNKNOWN,XAUUSD,M078bAYBc-E-PB7-001,BADAR,medium,NY,UNKNOWN,UNKNOWN,NONE,UNKNOWN,UNKNOWN,BULL,ALIGNED,NONE,NOT_YET,APPROACHING,FVG|DEMAND,UNKNOWN,NONE,UNCLEAR,UNCLEAR,MOMENTUM_CLOSE,M1,NOT_YET,UNCLEAR,NO,NO,UNCLEAR,UNKNOWN,,UNCLEAR,NONE,UNKNOWN,,WAIT,WAIT_PULLBACK_SIGN,After the NY impulse he refuses direct buying and waits for a pullback into 4152/4142 plus a sign.
d19a43da80ae0e3ab4207a73a35f317120d37c84,M078bAYBc-E,2026-07-22,16:00-17:42,UNKNOWN,XAUUSD,M078bAYBc-E-PB7-002,BADAR,medium,NY,UNKNOWN,UNKNOWN,NONE,UNKNOWN,UNKNOWN,BULL,ALIGNED,NONE,NOT_YET,YES,M1_FVG|DEMAND,DISCOUNT,RETRACE_TO_POI,UNCLEAR,UNCLEAR,MOMENTUM_CLOSE,M2,ADEQUATE,UNCLEAR,NO,NO,YES,ZONE,,UNCLEAR,MARKET_CLOSE,NORMAL,,TRADE_LONG,TRADE_CONTINUATION_FVG,At the NY-impulse demand/FVG he enters long after lower-timeframe closing behavior.
d19a43da80ae0e3ab4207a73a35f317120d37c84,M078bAYBc-E,2026-07-22,25:40-29:00,UNKNOWN,XAUUSD,M078bAYBc-E-PB7-003,BADAR,medium,NY,UNKNOWN,UNKNOWN,NONE,UNKNOWN,UNKNOWN,BULL,UNKNOWN,NONE,NOT_YET,APPROACHING,EQUAL_LOW|DEMAND,BOTTOM,NONE,UNCLEAR,UNCLEAR,MOMENTUM_CLOSE,M1,NOT_YET,UNCLEAR,NO,NO,UNCLEAR,UNKNOWN,,UNCLEAR,NONE,UNKNOWN,,WAIT,WAIT_LIMIT_CONFIRM,He plans a buy around the equal lows but still wants M1 confirmation; price turns just above the limit.
d19a43da80ae0e3ab4207a73a35f317120d37c84,M078bAYBc-E,2026-07-22,46:24-54:40,UNKNOWN,XAUUSD,M078bAYBc-E-PB7-004,BADAR,medium,NY,UNKNOWN,UNKNOWN,NONE,UNKNOWN,UNKNOWN,BULL,UNKNOWN,NONE,NOT_YET,APPROACHING,DEMAND,BOTTOM,NONE,UNCLEAR,UNCLEAR,NONE,UNKNOWN,NOT_YET,UNCLEAR,NO,NO,UNCLEAR,UNKNOWN,,UNCLEAR,NONE,UNKNOWN,,WAIT,WAIT_LIMIT_FILL,A second lower buy limit is planned but misses by a few pips.
d19a43da80ae0e3ab4207a73a35f317120d37c84,M078bAYBc-E,2026-07-22,55:37-56:20,UNKNOWN,XAUUSD,M078bAYBc-E-PB7-005,BADAR,medium,NY,UNKNOWN,UNKNOWN,NONE,UNKNOWN,UNKNOWN,BULL,ALIGNED,NONE,NOT_YET,YES,DEMAND|MOMENTUM_LEVEL,BOTTOM,SECOND_REACTION,UNCLEAR,UNCLEAR,MOMENTUM_CLOSE,M1,STRONG,YES,YES,NO,YES,ZONE,,UNCLEAR,MARKET_CLOSE,REDUCED,AFTER_PRIOR_STOP,TRADE_LONG,TRADE_SECOND_REACTION_MOMENTUM,"After two lower reactions, a strong M1 momentum reclaim triggers the next long with risk reduced after the prior stop."
d19a43da80ae0e3ab4207a73a35f317120d37c84,NPUPkMWzKTE,2026-07-21,6:22-8:00,UNKNOWN,XAUUSD,NPUPkMWzKTE-PB7-001,BADAR,medium,NY,UNKNOWN,UNKNOWN,NONE,UNKNOWN,UNKNOWN,BEAR,ALIGNED,NONE,NOT_YET,YES,SUPPLY_DEMAND,PREMIUM,REJECTION,UNCLEAR,UNCLEAR,TWO_CANDLE_REJECTION|INVERSE_CLOSE,M5,ADEQUATE,YES,NO,NO,YES,ZONE,~13 pips.,UNCLEAR,MARKET_CLOSE,NORMAL,,TRADE_SHORT,TRADE_FIRST_SUPPLY_REJECTION,A five-minute bearish close/rejection at the first supply triggers a tight-stop short.
d19a43da80ae0e3ab4207a73a35f317120d37c84,NPUPkMWzKTE,2026-07-21,15:00-16:40,UNKNOWN,XAUUSD,NPUPkMWzKTE-PB7-002,BADAR,medium,NY,UNKNOWN,UNKNOWN,NONE,UNKNOWN,UNKNOWN,BEAR,UNKNOWN,NONE,NOT_YET,APPROACHING,SECOND_SUPPLY|SWING_HIGH,TOP,SWEEP,UNCLEAR,UNCLEAR,NONE,UNKNOWN,NOT_YET,UNCLEAR,NO,NO,UNCLEAR,UNKNOWN,,UNCLEAR,NONE,UNKNOWN,,WAIT,WAIT_HIGH_SWEEP,After the first loss he draws the next plan and waits for the 4065.9 highs to sweep into the higher supply.
d19a43da80ae0e3ab4207a73a35f317120d37c84,NPUPkMWzKTE,2026-07-21,16:40-18:40,UNKNOWN,XAUUSD,NPUPkMWzKTE-PB7-003,BADAR,medium,NY,UNKNOWN,UNKNOWN,NONE,UNKNOWN,UNKNOWN,BEAR,ALIGNED,NONE,NOT_YET,YES,SECOND_SUPPLY|SWING_HIGH,TOP,FAKE_BREAK,YES,UNCLEAR,CLOSE_BACK_INSIDE,M1,ADEQUATE,YES,NO,NO,YES,ZONE,,UNCLEAR,MARKET_CLOSE,NORMAL,,TRADE_SHORT,TRADE_FAKE_BREAK_SUPPLY,"The next high sweeps into the second supply and closes back, triggering another short."
d19a43da80ae0e3ab4207a73a35f317120d37c84,NPUPkMWzKTE,2026-07-21,30:56,UNKNOWN,XAUUSD,NPUPkMWzKTE-PB7-004,BADAR,medium,NY,UNKNOWN,UNKNOWN,NONE,UNKNOWN,UNKNOWN,UNKNOWN,UNKNOWN,NONE,NOT_YET,YES,OTHER,UNKNOWN,NONE,UNCLEAR,UNCLEAR,NONE,UNKNOWN,NOT_YET,UNCLEAR,NO,NO,UNCLEAR,UNKNOWN,,UNCLEAR,NONE,SKIP,,NO_TRADE,NO_TRADE_ACCEPT_LOSS_RESET,After the second stop he explicitly accepts the loss rather than immediately forcing another entry.
d19a43da80ae0e3ab4207a73a35f317120d37c84,NPUPkMWzKTE,2026-07-21,39:00-43:54,UNKNOWN,XAUUSD,NPUPkMWzKTE-PB7-005,BADAR,medium,NY,UNKNOWN,UNKNOWN,NONE,UNKNOWN,UNKNOWN,BEAR,UNKNOWN,NONE,NOT_YET,APPROACHING,M1_FVG,PREMIUM,RETRACE_TO_POI,UNCLEAR,UNCLEAR,NONE,UNKNOWN,NOT_YET,UNCLEAR,NO,NO,UNCLEAR,UNKNOWN,,UNCLEAR,NONE,UNKNOWN,,WAIT,WAIT_FVG_RETRACE,After the later high sweep/M1 break he waits about ten minutes for a retrace into the bearish FVG rather than chasing.
d19a43da80ae0e3ab4207a73a35f317120d37c84,NPUPkMWzKTE,2026-07-21,~48:20,UNKNOWN,XAUUSD,NPUPkMWzKTE-PB7-006,BADAR,low,NY,UNKNOWN,UNKNOWN,NONE,UNKNOWN,UNKNOWN,BEAR,ALIGNED,NONE,NOT_YET,YES,M1_FVG,PREMIUM,SWEEP|RETRACE_TO_POI,YES,UNCLEAR,MSS|FVG_RETRACE,M1,STRONG,YES,NO,NO,YES,ZONE,~9 pips.,UNCLEAR,LIMIT_RETRACE,NORMAL,,TRADE_SHORT,TRADE_SWEEP_MSS_FVG,"The high sweep is followed by an M1 break down and retrace into the bearish FVG, producing a very tight-stop short; final execution/result is uncertain."
d19a43da80ae0e3ab4207a73a35f317120d37c84,E2Vu2bndWRc,2026-07-10,1:14-2:19,UNKNOWN,XAUUSD,E2Vu2bndWRc-PB8-001,BADAR,medium,NY,UNKNOWN,UNKNOWN,FRIDAY,UNKNOWN,UNKNOWN,UNKNOWN,UNKNOWN,NONE,NOT_YET,YES,OTHER,UNKNOWN,NONE,UNCLEAR,UNCLEAR,NONE,UNKNOWN,NOT_YET,UNCLEAR,NO,YES,UNCLEAR,UNKNOWN,,UNCLEAR,NONE,SKIP,,NO_TRADE,NO_TRADE_MISSED_MOVE_EMOTION,"He missed both earlier buy/sell opportunities while setting up the stream and does not chase them, identifying the hesitation as an emotional mistake."
d19a43da80ae0e3ab4207a73a35f317120d37c84,E2Vu2bndWRc,2026-07-10,5:53-7:59,UNKNOWN,XAUUSD,E2Vu2bndWRc-PB8-002,BADAR,medium,NY,UNKNOWN,UNKNOWN,FRIDAY,UNKNOWN,UNKNOWN,UNKNOWN,UNKNOWN,NONE,NOT_YET,YES,SUPPLY_DEMAND,PREMIUM,NONE,UNCLEAR,UNCLEAR,TWO_CANDLE_REJECTION,M5,WEAK,UNCLEAR,NO,NO,YES,CONFIRMATION_CANDLE,Very tight ~7-pip stop; wider structural version explicitly rejected.,UNCLEAR,MARKET_CLOSE,REDUCED,NO_MSS|FRIDAY,TRADE_SHORT,TRADE_REDUCED_TIGHT_STOP_SUPPLY,He sells the supply with no structure break only because the tight-stop version is small; the normal 35-40 pip stop version is rejected as confusing.
d19a43da80ae0e3ab4207a73a35f317120d37c84,E2Vu2bndWRc,2026-07-10,19:04,UNKNOWN,XAUUSD,E2Vu2bndWRc-PB8-003,BADAR,medium,NY,UNKNOWN,UNKNOWN,FRIDAY,UNKNOWN,UNKNOWN,UNKNOWN,UNKNOWN,NONE,NOT_YET,YES,OTHER,BOTTOM,NONE,UNCLEAR,UNCLEAR,NONE,UNKNOWN,NOT_YET,UNCLEAR,NO,NO,UNCLEAR,UNKNOWN,,UNCLEAR,NONE,UNKNOWN,,NO_TRADE,NO_TRADE_ALREADY_ENOUGH_ACTIVITY,He notes an exact buy location but says there have already been many trades and he initially planned not to trade further.
d19a43da80ae0e3ab4207a73a35f317120d37c84,E2Vu2bndWRc,2026-07-10,20:08-22:17,UNKNOWN,XAUUSD,E2Vu2bndWRc-PB8-004,BADAR,medium,NY,UNKNOWN,UNKNOWN,FRIDAY,UNKNOWN,UNKNOWN,UNKNOWN,UNKNOWN,NONE,NOT_YET,YES,FIB_0.5_0.618|HIDDEN_OB,DISCOUNT,SWEEP,YES,UNCLEAR,MOMENTUM_CLOSE,M3/M5,STRONG,YES,NO,NO,YES,ZONE,,UNCLEAR,MARKET_CLOSE,NORMAL,,TRADE_LONG,TRADE_FIB_SWEEP_STRONG_CLOSE,A day-low sweep into the 30m 0.5-0.618 area plus strong M3/M5 bullish closing triggers a long.
d19a43da80ae0e3ab4207a73a35f317120d37c84,E2Vu2bndWRc,2026-07-10,26:28,UNKNOWN,XAUUSD,E2Vu2bndWRc-PB8-005,BADAR,medium,NY,UNKNOWN,UNKNOWN,FRIDAY,UNKNOWN,UNKNOWN,UNKNOWN,UNKNOWN,NONE,NOT_YET,YES,OTHER,UNKNOWN,NONE,UNCLEAR,UNCLEAR,MOMENTUM_CLOSE,M5,WEAK,UNCLEAR,NO,NO,UNCLEAR,UNKNOWN,,UNCLEAR,NONE,SKIP,,NO_TRADE,NO_TRADE_UNCLEAR_SELL,"He says the five-minute may come down but the sell situation is unclear, so he does not sell."
d19a43da80ae0e3ab4207a73a35f317120d37c84,E2Vu2bndWRc,2026-07-10,40:36,UNKNOWN,XAUUSD,E2Vu2bndWRc-PB8-006,BADAR,medium,NY,UNKNOWN,UNKNOWN,SPIKE|FRIDAY,UNKNOWN,UNKNOWN,UNKNOWN,UNKNOWN,NONE,NOT_YET,YES,OTHER,UNKNOWN,NONE,UNCLEAR,UNCLEAR,NONE,UNKNOWN,NOT_YET,UNCLEAR,NO,NO,YES,UNKNOWN,~500-pip stop after manipulation spike.,UNCLEAR,NONE,SKIP,LARGE_STOP,NO_TRADE,NO_TRADE_HUGE_STOP_AFTER_SPIKE,After an extreme manipulation spike he refuses trading because the structural stop would be enormous and waits for price to return to a level.
d19a43da80ae0e3ab4207a73a35f317120d37c84,mGJ4dtVjlxE,2026-07-09,9:20-10:40,UNKNOWN,XAUUSD,mGJ4dtVjlxE-PB8-001,BADAR,medium,NY,UNKNOWN,UNKNOWN,NONE,UNKNOWN,UNKNOWN,BULL,ALIGNED,NONE,NOT_YET,YES,M15_OB|M3_FVG|HIDDEN_OB,DISCOUNT,RETRACE_TO_POI,UNCLEAR,UNCLEAR,MOMENTUM_CLOSE,M2,STRONG,YES,NO,NO,YES,ZONE,,UNCLEAR,MARKET_CLOSE,NORMAL,,TRADE_LONG,TRADE_BOS_OB_FVG_CLOSE,"After the NY-open BOS, price pulls back into an M15 OB with an M3 FVG and a good M2 close triggers the long."
d19a43da80ae0e3ab4207a73a35f317120d37c84,mGJ4dtVjlxE,2026-07-09,30:59-32:55,UNKNOWN,XAUUSD,mGJ4dtVjlxE-PB8-002,BADAR,medium,NY,UNKNOWN,UNKNOWN,NONE,UNKNOWN,UNKNOWN,UNKNOWN,UNKNOWN,NONE,NOT_YET,NO,OTHER,MIDDLE,NONE,UNCLEAR,UNCLEAR,OB_RETRACE,M1,FAILED,UNCLEAR,NO,NO,UNCLEAR,UNKNOWN,,UNCLEAR,NONE,SKIP,,NO_TRADE,NO_TRADE_MIDDLE_BAD_CLOSE,"A potential scalp is rejected because the one-minute OB close is not good, price is in the middle, and the direction is not a strong trend."
d19a43da80ae0e3ab4207a73a35f317120d37c84,mGJ4dtVjlxE,2026-07-09,38:05-41:16,UNKNOWN,XAUUSD,mGJ4dtVjlxE-PB8-003,BADAR,medium,NY,UNKNOWN,UNKNOWN,NONE,UNKNOWN,UNKNOWN,UNKNOWN,UNKNOWN,NONE,NOT_YET,YES,OTHER,UNKNOWN,NONE,UNCLEAR,UNCLEAR,MOMENTUM_CLOSE,M10/M1,NOT_YET,UNCLEAR,NO,NO,UNCLEAR,UNKNOWN,,UNCLEAR,NONE,UNKNOWN,,WAIT,WAIT_NEXT_CONFIRMATION,He waits for the next candle/confirmation rather than forcing another trade.
d19a43da80ae0e3ab4207a73a35f317120d37c84,mGJ4dtVjlxE,2026-07-09,43:23-45:20,UNKNOWN,XAUUSD,mGJ4dtVjlxE-PB8-004,BADAR,medium,NY,UNKNOWN,UNKNOWN,LOW_PROBABILITY,UNKNOWN,UNKNOWN,BULL,ALIGNED,NONE,NOT_YET,YES,M1_FVG,UNKNOWN,CONTINUATION_RETEST,UNCLEAR,UNCLEAR,MOMENTUM_CLOSE,M1/M3,ADEQUATE,UNCLEAR,NO,NO,YES,ZONE,~40 pips; half risk.,UNCLEAR,MARKET_CLOSE,REDUCED,LOW_PROBABILITY,TRADE_LONG,TRADE_REDUCED_LOW_PROBABILITY_SCALP,A one-minute buy sign/FVG in the continuation context triggers a half-risk scalp with only a 1:1 target.
d19a43da80ae0e3ab4207a73a35f317120d37c84,9d7IHhIAi6M,2026-07-07,4:26-12:19,UNKNOWN,XAUUSD,9d7IHhIAi6M-PB8-001,BADAR,medium,NY,UNKNOWN,UNKNOWN,NONE,BEAR,UNKNOWN,BEAR,UNKNOWN,NONE,NOT_YET,YES,M5_OB|DEMAND,BOTTOM,NONE,UNCLEAR,UNCLEAR,DOUBLE_CONFIRMATION,M1/M2/M5/M15,NOT_YET,UNCLEAR,NO,NO,UNCLEAR,UNKNOWN,,UNCLEAR,NONE,UNKNOWN,,WAIT,WAIT_TWO_CONFIRMATIONS,At the lower OB he refuses both direct sell and low-confidence buy; he wants an M15 close plus two strong lower-timeframe buy confirmations.
d19a43da80ae0e3ab4207a73a35f317120d37c84,9d7IHhIAi6M,2026-07-07,13:44-15:47,UNKNOWN,XAUUSD,9d7IHhIAi6M-PB8-002,BADAR,medium,NY,UNKNOWN,UNKNOWN,NONE,BEAR,UNKNOWN,BEAR,COUNTERTREND,NONE,NOT_YET,YES,FIB_0.5,UNKNOWN,NONE,UNCLEAR,UNCLEAR,MOMENTUM_CLOSE,UNKNOWN,WEAK,UNCLEAR,NO,NO,UNCLEAR,UNKNOWN,,UNCLEAR,NONE,SKIP,,NO_TRADE,NO_TRADE_WEAK_BUY_CONFIRM,He sees other traders buying the Fib area but says he lacks a strong buy and expects a trap without at least two confirmations.
d19a43da80ae0e3ab4207a73a35f317120d37c84,9d7IHhIAi6M,2026-07-07,19:34-24:26,UNKNOWN,XAUUSD,9d7IHhIAi6M-PB8-003,BADAR,medium,NY,UNKNOWN,UNKNOWN,NONE,BEAR,UNKNOWN,BEAR,UNKNOWN,NONE,NOT_YET,YES,OTHER,UNKNOWN,NONE,UNCLEAR,UNCLEAR,MOMENTUM_CLOSE,M2/M3/M5,WEAK,UNCLEAR,NO,NO,UNCLEAR,UNKNOWN,,UNCLEAR,NONE,UNKNOWN,,WAIT,WAIT_STRONGER_CLOSE,Weak lower-timeframe closes are rejected; he keeps waiting and seeks a smaller-stop lower location.
d19a43da80ae0e3ab4207a73a35f317120d37c84,9d7IHhIAi6M,2026-07-07,31:07-32:08,UNKNOWN,XAUUSD,9d7IHhIAi6M-PB8-004,BADAR,medium,NY,UNKNOWN,UNKNOWN,NONE,BEAR,UNKNOWN,BEAR,COUNTERTREND,NONE,NOT_YET,YES,DOUBLE_LOW|M5_OB|FVG,BOTTOM,SWEEP,YES,YES,NONE,UNKNOWN,NOT_YET,UNCLEAR,NO,NO,YES,OUTER_SWING,~35-40 pips below the second low.,UNCLEAR,LIMIT_RETRACE,REDUCED,COUNTERTREND|AFTER_BIG_DAY,TRADE_LONG,TRADE_REDUCED_DOUBLE_LOW_LIMIT,"He places a lower buy limit beneath the double low/OB gap with stop beyond the second low, explicitly countertrend and smaller risk after a strong prior day."
d19a43da80ae0e3ab4207a73a35f317120d37c84,9d7IHhIAi6M,2026-07-07,50:11-60:33,UNKNOWN,XAUUSD,9d7IHhIAi6M-PB8-005,BADAR,medium,NY,UNKNOWN,UNKNOWN,NONE,BEAR,UNKNOWN,BEAR,ALIGNED,NONE,NOT_YET,APPROACHING,HIDDEN_OB|SUPPLY_DEMAND,PREMIUM,NONE,UNCLEAR,UNCLEAR,MOMENTUM_CLOSE,M2/M3/M5,NOT_YET,UNCLEAR,NO,NO,UNCLEAR,UNKNOWN,,UNCLEAR,NONE,UNKNOWN,,WAIT,WAIT_SELL_AREA_CONFIRM,He plans a later sell from 4160-4167 with small-stop geometry and waits for a lower-timeframe sell close; it is not filled.
d19a43da80ae0e3ab4207a73a35f317120d37c84,CqEhHmcjeyQ,2026-07-06,8:39-24:05,UNKNOWN,XAUUSD,CqEhHmcjeyQ-PB8-001,BADAR,medium,NY,UNKNOWN,UNKNOWN,NONE,UNKNOWN,UNKNOWN,BEAR,COUNTERTREND,NONE,NOT_YET,APPROACHING,M1_DEMAND|FIB_0.5_0.618|OB,BOTTOM,SWEEP,UNCLEAR,UNCLEAR,ENGULF|CLOSE_BACK_INSIDE,M1/M5,NOT_YET,UNCLEAR,NO,NO,UNCLEAR,UNKNOWN,,UNCLEAR,NONE,UNKNOWN,,WAIT,WAIT_DEMAND_SWEEP_OR_STRONG_SIGN,He repeatedly refuses to chase the impulse and waits either for the demand/Fib retracement with a strong sign or for a sweep and close back.
d19a43da80ae0e3ab4207a73a35f317120d37c84,CqEhHmcjeyQ,2026-07-06,26:10-27:40,UNKNOWN,XAUUSD,CqEhHmcjeyQ-PB8-002,BADAR,medium,NY,UNKNOWN,UNKNOWN,LOW_PROBABILITY,UNKNOWN,UNKNOWN,BEAR,COUNTERTREND,NONE,NOT_YET,YES,M1_OB|FVG|FIB_0.5_0.618,DISCOUNT,RETRACE_TO_POI,UNCLEAR,UNCLEAR,MOMENTUM_CLOSE,M5,ADEQUATE,UNCLEAR,NO,NO,YES,ZONE,~47 pips; size reduced.,UNCLEAR,MARKET_CLOSE,REDUCED,LOW_PROBABILITY|COUNTERTREND,TRADE_LONG,TRADE_REDUCED_FIB_OB_FVG,"At the M1 OB/FVG inside the Fib retracement he takes a small-risk buy, explicitly labelled low probability because the stop is bigger and context is not ideal."
d19a43da80ae0e3ab4207a73a35f317120d37c84,CqEhHmcjeyQ,2026-07-06,45:00-46:58,UNKNOWN,XAUUSD,CqEhHmcjeyQ-PB8-003,BADAR,medium,NY,UNKNOWN,UNKNOWN,NONE,UNKNOWN,UNKNOWN,BEAR,COUNTERTREND,NONE,NOT_YET,YES,NY_LOW|DEMAND,BOTTOM,SWEEP,YES,UNCLEAR,MOMENTUM_CLOSE,M1,STRONG,YES,NO,NO,YES,SWEEP_EXTREME,,UNCLEAR,MARKET_CLOSE,REDUCED,COUNTERTREND,TRADE_LONG,TRADE_SWEEP_M1_REVERSAL,The NY/M1 low is swept into demand and a good one-minute reversal sign triggers the preferred long.
d19a43da80ae0e3ab4207a73a35f317120d37c84,CqEhHmcjeyQ,2026-07-06,70:59-72:18,UNKNOWN,XAUUSD,CqEhHmcjeyQ-PB8-004,BADAR,medium,NY,UNKNOWN,UNKNOWN,NONE,UNKNOWN,UNKNOWN,UNKNOWN,UNKNOWN,NONE,NOT_YET,YES,OTHER,UNKNOWN,RETRACE_TO_POI,UNCLEAR,UNCLEAR,MOMENTUM_CLOSE,M1,NOT_YET,UNCLEAR,NO,NO,UNCLEAR,UNKNOWN,,UNCLEAR,NONE,UNKNOWN,,WAIT,WAIT_NEW_DECISION_CANDLE,After the move he draws a possible pullback scenario and waits for the new one-minute decision candle rather than opening another position.
